region,from_node,to_node,same_path,short_len_km,short_weight_km,short_penalty_km,short_hot_edges,short_hot_share_pct,short_avg_hotspot,short_max_hotspot,avoid_len_km,avoid_weight_km,avoid_penalty_km,avoid_hot_edges,avoid_hot_share_pct,avoid_avg_hotspot,avoid_max_hotspot,delta_len_km,delta_weight_km,delta_hot_edges,explain_reason,explain_removed_edges,explain_removed_risky_edges,explain_removed_risky_top5
London,A407,2,False,17.922727272727272,19.487944664031623,1.5652173913043481,1,16.666666666666664,0.08695652173913043,0.5217391304347826,18.187944664031622,18.187944664031622,0.0,0,0.0,0.0,0.0,0.2652173913043505,-1.3000000000000007,1,Avoid-route changed to bypass higher-risk edges on the shortest route.,3,1,"A41->LA Boundary (risk=0.522, penalty=1.565)"
London,A407,29,False,8.6,10.165217391304347,1.5652173913043481,1,25.0,0.13043478260869565,0.5217391304347826,8.865217391304347,8.865217391304347,0.0,0,0.0,0.0,0.0,0.26521739130434696,-1.3000000000000007,1,Avoid-route changed to bypass higher-risk edges on the shortest route.,3,1,"A41->LA Boundary (risk=0.522, penalty=1.565)"
London,A407,3,False,9.522727272727273,11.087944664031621,1.5652173913043481,1,20.0,0.10434782608695652,0.5217391304347826,9.78794466403162,9.78794466403162,0.0,0,0.0,0.0,0.0,0.26521739130434696,-1.3000000000000007,1,Avoid-route changed to bypass higher-risk edges on the shortest route.,3,1,"A41->LA Boundary (risk=0.522, penalty=1.565)"
London,A407,4,False,6.622727272727273,8.18794466403162,1.5652173913043481,1,25.0,0.13043478260869565,0.5217391304347826,6.887944664031621,6.887944664031621,0.0,0,0.0,0.0,0.0,0.26521739130434785,-1.2999999999999998,1,Avoid-route changed to bypass higher-risk edges on the shortest route.,3,1,"A41->LA Boundary (risk=0.522, penalty=1.565)"
London,A407,A1,False,4.928571428571429,6.737267080745342,1.8086956521739133,2,40.0,0.22608695652173916,0.6086956521739131,5.193788819875776,5.437267080745341,0.24347826086956526,1,20.0,0.12173913043478261,0.6086956521739131,0.26521739130434696,-1.3000000000000007,1,Avoid-route changed to bypass higher-risk edges on the shortest route.,3,1,"A41->LA Boundary (risk=0.522, penalty=1.565)"
London,A407,A10,False,5.3,6.865217391304348,1.5652173913043481,1,25.0,0.13043478260869565,0.5217391304347826,5.565217391304348,5.565217391304348,0.0,0,0.0,0.0,0.0,0.26521739130434785,-1.3000000000000007,1,Avoid-route changed to bypass higher-risk edges on the shortest route.,3,1,"A41->LA Boundary (risk=0.522, penalty=1.565)"
London,A407,A10(T),True,6.1,6.1,0.0,0,0.0,0.0,0.0,6.1,6.1,0.0,0,0.0,0.0,0.0,0.0,0.0,0,No change (same path),0,0,
London,A407,A10/A1208,False,5.94,7.505217391304348,1.5652173913043481,1,12.5,0.06521739130434782,0.5217391304347826,6.205217391304347,6.205217391304347,0.0,0,0.0,0.0,0.0,0.26521739130434696,-1.3000000000000007,1,Avoid-route changed to bypass higher-risk edges on the shortest route.,3,1,"A41->LA Boundary (risk=0.522, penalty=1.565)"
London,A407,A1000,True,3.8,3.8,0.0,0,0.0,0.0,0.0,3.8,3.8,0.0,0,0.0,0.0,0.0,0.0,0.0,0,No change (same path),0,0,
London,A407,A1000 Cherry Tree Hill,False,5.8,7.365217391304348,1.5652173913043481,1,25.0,0.13043478260869565,0.5217391304347826,6.065217391304348,6.065217391304348,0.0,0,0.0,0.0,0.0,0.26521739130434785,-1.3000000000000007,1,Avoid-route changed to bypass higher-risk edges on the shortest route.,3,1,"A41->LA Boundary (risk=0.522, penalty=1.565)"
London,A407,A1003,True,5.765217391304348,5.765217391304348,0.0,0,0.0,0.0,0.0,5.765217391304348,5.765217391304348,0.0,0,0.0,0.0,0.0,0.0,0.0,0,No change (same path),0,0,
London,A407,A1004,True,6.3,6.3,0.0,0,0.0,0.0,0.0,6.3,6.3,0.0,0,0.0,0.0,0.0,0.0,0.0,0,No change (same path),0,0,
London,A407,A1006/A112 triangle,True,7.1850000000000005,9.334565217391305,2.1495652173913045,1,20.0,0.10434782608695652,0.5217391304347826,7.1850000000000005,9.334565217391305,2.1495652173913045,1,20.0,0.10434782608695652,0.5217391304347826,0.0,0.0,0,No change (same path),0,0,
London,A407,A1008,False,4.7,6.265217391304348,1.5652173913043481,1,25.0,0.13043478260869565,0.5217391304347826,4.965217391304348,4.965217391304348,0.0,0,0.0,0.0,0.0,0.26521739130434785,-1.2999999999999998,1,Avoid-route changed to bypass higher-risk edges on the shortest route.,3,1,"A41->LA Boundary (risk=0.522, penalty=1.565)"
London,A407,A101/A126,False,7.64,9.205217391304348,1.5652173913043481,1,12.5,0.06521739130434782,0.5217391304347826,7.9052173913043475,7.9052173913043475,0.0,0,0.0,0.0,0.0,0.26521739130434785,-1.3000000000000007,1,Avoid-route changed to bypass higher-risk edges on the shortest route.,3,1,"A41->LA Boundary (risk=0.522, penalty=1.565)"
London,A407,A1010,False,6.2375,7.802717391304348,1.5652173913043481,1,20.0,0.10434782608695652,0.5217391304347826,6.502717391304348,6.502717391304348,0.0,0,0.0,0.0,0.0,0.26521739130434785,-1.3000000000000007,1,Avoid-route changed to bypass higher-risk edges on the shortest route.,3,1,"A41->LA Boundary (risk=0.522, penalty=1.565)"
London,A407,A1011,True,6.325,6.325,0.0,0,0.0,0.0,0.0,6.325,6.325,0.0,0,0.0,0.0,0.0,0.0,0.0,0,No change (same path),0,0,
London,A407,A102,False,6.1850000000000005,8.334565217391305,2.1495652173913045,1,16.666666666666664,0.08695652173913043,0.5217391304347826,7.7818840579710145,7.7818840579710145,0.0,0,0.0,0.0,0.0,1.596884057971014,-0.5526811594202901,1,Avoid-route changed to bypass higher-risk edges on the shortest route.,5,1,"A112->A104 (risk=0.522, penalty=2.150)"
London,A407,A103,False,4.4,5.965217391304348,1.5652173913043481,1,25.0,0.13043478260869565,0.5217391304347826,4.665217391304347,4.665217391304347,0.0,0,0.0,0.0,0.0,0.26521739130434696,-1.3000000000000007,1,Avoid-route changed to bypass higher-risk edges on the shortest route.,3,1,"A41->LA Boundary (risk=0.522, penalty=1.565)"
London,A407,A1037,True,2.825,2.825,0.0,0,0.0,0.0,0.0,2.825,2.825,0.0,0,0.0,0.0,0.0,0.0,0.0,0,No change (same path),0,0,
London,A407,A104,True,5.585,7.734565217391305,2.1495652173913045,1,25.0,0.13043478260869565,0.5217391304347826,5.585,7.734565217391305,2.1495652173913045,1,25.0,0.13043478260869565,0.5217391304347826,0.0,0.0,0,No change (same path),0,0,
London,A407,A105,True,4.4,4.4,0.0,0,0.0,0.0,0.0,4.4,4.4,0.0,0,0.0,0.0,0.0,0.0,0.0,0,No change (same path),0,0,
London,A407,A1055,False,5.6000000000000005,7.165217391304348,1.5652173913043481,1,25.0,0.13043478260869565,0.5217391304347826,5.8652173913043475,5.8652173913043475,0.0,0,0.0,0.0,0.0,0.26521739130434696,-1.3000000000000007,1,Avoid-route changed to bypass higher-risk edges on the shortest route.,3,1,"A41->LA Boundary (risk=0.522, penalty=1.565)"
London,A407,A1055 Conduit Lane,False,4.7,6.265217391304348,1.5652173913043481,1,25.0,0.13043478260869565,0.5217391304347826,4.965217391304348,4.965217391304348,0.0,0,0.0,0.0,0.0,0.26521739130434785,-1.2999999999999998,1,Avoid-route changed to bypass higher-risk edges on the shortest route.,3,1,"A41->LA Boundary (risk=0.522, penalty=1.565)"
London,A407,A106,False,6.1000000000000005,7.665217391304348,1.5652173913043481,1,25.0,0.13043478260869565,0.5217391304347826,6.3652173913043475,6.3652173913043475,0.0,0,0.0,0.0,0.0,0.26521739130434696,-1.3000000000000007,1,Avoid-route changed to bypass higher-risk edges on the shortest route.,3,1,"A41->LA Boundary (risk=0.522, penalty=1.565)"
London,A407,A106 Grove Green Rd,True,3.925,3.925,0.0,0,0.0,0.0,0.0,3.925,3.925,0.0,0,0.0,0.0,0.0,0.0,0.0,0,No change (same path),0,0,
London,A407,A107,False,7.7,9.265217391304349,1.5652173913043481,1,20.0,0.10434782608695652,0.5217391304347826,7.965217391304348,7.965217391304348,0.0,0,0.0,0.0,0.0,0.26521739130434785,-1.3000000000000007,1,Avoid-route changed to bypass higher-risk edges on the shortest route.,3,1,"A41->LA Boundary (risk=0.522, penalty=1.565)"
London,A407,A107 Mare St,True,5.885,8.034565217391304,2.1495652173913045,1,20.0,0.10434782608695652,0.5217391304347826,5.885,8.034565217391304,2.1495652173913045,1,20.0,0.10434782608695652,0.5217391304347826,0.0,0.0,0,No change (same path),0,0,
London,A407,A1080,True,3.6652173913043478,3.6652173913043478,0.0,0,0.0,0.0,0.0,3.6652173913043478,3.6652173913043478,0.0,0,0.0,0.0,0.0,0.0,0.0,0,No change (same path),0,0,
London,A407,A109,False,5.8,7.365217391304348,1.5652173913043481,1,20.0,0.10434782608695652,0.5217391304347826,6.065217391304348,6.065217391304348,0.0,0,0.0,0.0,0.0,0.26521739130434785,-1.3000000000000007,1,Avoid-route changed to bypass higher-risk edges on the shortest route.,3,1,"A41->LA Boundary (risk=0.522, penalty=1.565)"
London,A407,A109/A5109,True,4.7,4.7,0.0,0,0.0,0.0,0.0,4.7,4.7,0.0,0,0.0,0.0,0.0,0.0,0.0,0,No change (same path),0,0,
London,A407,A11,False,4.8,6.365217391304348,1.5652173913043481,1,25.0,0.13043478260869565,0.5217391304347826,5.065217391304348,5.065217391304348,0.0,0,0.0,0.0,0.0,0.26521739130434785,-1.3000000000000007,1,Avoid-route changed to bypass higher-risk edges on the shortest route.,3,1,"A41->LA Boundary (risk=0.522, penalty=1.565)"
London,A407,A110,False,7.9,9.465217391304348,1.5652173913043481,1,16.666666666666664,0.08695652173913043,0.5217391304347826,8.165217391304347,8.165217391304347,0.0,0,0.0,0.0,0.0,0.26521739130434696,-1.3000000000000007,1,Avoid-route changed to bypass higher-risk edges on the shortest route.,3,1,"A41->LA Boundary (risk=0.522, penalty=1.565)"
London,A407,A110 Cecil Rd/Sydney Rd roundabout,True,11.4,11.4,0.0,0,0.0,0.0,0.0,11.4,11.4,0.0,0,0.0,0.0,0.0,0.0,0.0,0,No change (same path),0,0,
London,A407,A110 Cecil Rd/Sydney Road roundabout,True,11.4,11.4,0.0,0,0.0,0.0,0.0,11.4,11.4,0.0,0,0.0,0.0,0.0,0.0,0.0,0,No change (same path),0,0,
London,A407,A111,True,7.1,7.1,0.0,0,0.0,0.0,0.0,7.1,7.1,0.0,0,0.0,0.0,0.0,0.0,0.0,0,No change (same path),0,0,
London,A407,A1110,False,6.5,8.065217391304348,1.5652173913043481,1,16.666666666666664,0.08695652173913043,0.5217391304347826,6.765217391304348,6.765217391304348,0.0,0,0.0,0.0,0.0,0.26521739130434785,-1.2999999999999998,1,Avoid-route changed to bypass higher-risk edges on the shortest route.,3,1,"A41->LA Boundary (risk=0.522, penalty=1.565)"
London,A407,A112,True,3.525,3.525,0.0,0,0.0,0.0,0.0,3.525,3.525,0.0,0,0.0,0.0,0.0,0.0,0.0,0,No change (same path),0,0,
London,A407,A113,True,7.485,9.634565217391305,2.1495652173913045,1,20.0,0.10434782608695652,0.5217391304347826,7.485,9.634565217391305,2.1495652173913045,1,20.0,0.10434782608695652,0.5217391304347826,0.0,0.0,0,No change (same path),0,0,
London,A407,A114,False,6.383333333333333,7.948550724637681,1.5652173913043481,1,20.0,0.10434782608695652,0.5217391304347826,6.648550724637681,6.648550724637681,0.0,0,0.0,0.0,0.0,0.26521739130434785,-1.3000000000000007,1,Avoid-route changed to bypass higher-risk edges on the shortest route.,3,1,"A41->LA Boundary (risk=0.522, penalty=1.565)"
London,A407,A115,True,7.534090909090909,7.534090909090909,0.0,0,0.0,0.0,0.0,7.534090909090909,7.534090909090909,0.0,0,0.0,0.0,0.0,0.0,0.0,0,No change (same path),0,0,
London,A407,A1153,False,11.3,12.865217391304348,1.5652173913043481,1,16.666666666666664,0.08695652173913043,0.5217391304347826,11.565217391304348,11.565217391304348,0.0,0,0.0,0.0,0.0,0.26521739130434696,-1.3000000000000007,1,Avoid-route changed to bypass higher-risk edges on the shortest route.,3,1,"A41->LA Boundary (risk=0.522, penalty=1.565)"
London,A407,A116,False,4.98,6.545217391304348,1.5652173913043481,1,25.0,0.13043478260869565,0.5217391304347826,5.245217391304347,5.245217391304347,0.0,0,0.0,0.0,0.0,0.26521739130434696,-1.3000000000000007,1,Avoid-route changed to bypass higher-risk edges on the shortest route.,3,1,"A41->LA Boundary (risk=0.522, penalty=1.565)"
London,A407,A117,True,5.480555555555555,5.480555555555555,0.0,0,0.0,0.0,0.0,5.480555555555555,5.480555555555555,0.0,0,0.0,0.0,0.0,0.0,0.0,0,No change (same path),0,0,
London,A407,A118,True,5.525,5.525,0.0,0,0.0,0.0,0.0,5.525,5.525,0.0,0,0.0,0.0,0.0,0.0,0.0,0,No change (same path),0,0,
London,A407,A118/A127,False,9.200000000000001,10.765217391304349,1.5652173913043481,1,20.0,0.10434782608695652,0.5217391304347826,9.465217391304348,9.465217391304348,0.0,0,0.0,0.0,0.0,0.26521739130434696,-1.3000000000000007,1,Avoid-route changed to bypass higher-risk edges on the shortest route.,3,1,"A41->LA Boundary (risk=0.522, penalty=1.565)"
London,A407,A1199,False,6.628571428571429,8.437267080745341,1.8086956521739133,2,28.57142857142857,0.1614906832298137,0.6086956521739131,6.893788819875776,7.1372670807453416,0.24347826086956526,1,14.285714285714285,0.08695652173913045,0.6086956521739131,0.26521739130434696,-1.2999999999999998,1,Avoid-route changed to bypass higher-risk edges on the shortest route.,3,1,"A41->LA Boundary (risk=0.522, penalty=1.565)"
London,A407,A12,True,6.534090909090909,6.534090909090909,0.0,0,0.0,0.0,0.0,6.534090909090909,6.534090909090909,0.0,0,0.0,0.0,0.0,0.0,0.0,0,No change (same path),0,0,
London,A407,A1200,False,5.728571428571429,7.537267080745342,1.8086956521739133,2,33.33333333333333,0.1884057971014493,0.6086956521739131,5.9937888198757765,6.237267080745341,0.24347826086956526,1,16.666666666666664,0.10144927536231885,0.6086956521739131,0.26521739130434785,-1.3000000000000007,1,Avoid-route changed to bypass higher-risk edges on the shortest route.,3,1,"A41->LA Boundary (risk=0.522, penalty=1.565)"
London,A407,A1201,False,6.385,8.534565217391304,2.1495652173913045,1,20.0,0.10434782608695652,0.5217391304347826,6.765217391304348,6.765217391304348,0.0,0,0.0,0.0,0.0,0.38021739130434806,-1.769347826086956,1,Avoid-route changed to bypass higher-risk edges on the shortest route.,4,1,"A112->A104 (risk=0.522, penalty=2.150)"
London,A407,A1202,False,5.74,7.305217391304348,1.5652173913043481,1,14.285714285714285,0.07453416149068323,0.5217391304347826,6.005217391304347,6.005217391304347,0.0,0,0.0,0.0,0.0,0.26521739130434696,-1.3000000000000007,1,Avoid-route changed to bypass higher-risk edges on the shortest route.,3,1,"A41->LA Boundary (risk=0.522, penalty=1.565)"
London,A407,A1202 Curtain Rd,False,5.6000000000000005,7.165217391304348,1.5652173913043481,1,20.0,0.10434782608695652,0.5217391304347826,5.8652173913043475,5.8652173913043475,0.0,0,0.0,0.0,0.0,0.26521739130434696,-1.3000000000000007,1,Avoid-route changed to bypass higher-risk edges on the shortest route.,3,1,"A41->LA Boundary (risk=0.522, penalty=1.565)"
London,A407,A1205,False,8.6,10.165217391304349,1.5652173913043481,1,16.666666666666664,0.08695652173913043,0.5217391304347826,8.865217391304348,8.865217391304348,0.0,0,0.0,0.0,0.0,0.26521739130434874,-1.3000000000000007,1,Avoid-route changed to bypass higher-risk edges on the shortest route.,3,1,"A41->LA Boundary (risk=0.522, penalty=1.565)"
London,A407,A1208/A5201,False,6.24,7.805217391304348,1.5652173913043481,1,11.11111111111111,0.057971014492753624,0.5217391304347826,6.505217391304347,6.505217391304347,0.0,0,0.0,0.0,0.0,0.26521739130434696,-1.3000000000000007,1,Avoid-route changed to bypass higher-risk edges on the shortest route.,3,1,"A41->LA Boundary (risk=0.522, penalty=1.565)"
London,A407,A1209,False,5.84,7.405217391304348,1.5652173913043481,1,12.5,0.06521739130434782,0.5217391304347826,6.105217391304348,6.105217391304348,0.0,0,0.0,0.0,0.0,0.26521739130434785,-1.3000000000000007,1,Avoid-route changed to bypass higher-risk edges on the shortest route.,3,1,"A41->LA Boundary (risk=0.522, penalty=1.565)"
London,A407,A1210/A1211,False,4.5,6.065217391304349,1.5652173913043481,1,25.0,0.13043478260869565,0.5217391304347826,4.765217391304348,4.765217391304348,0.0,0,0.0,0.0,0.0,0.26521739130434785,-1.3000000000000007,1,Avoid-route changed to bypass higher-risk edges on the shortest route.,3,1,"A41->LA Boundary (risk=0.522, penalty=1.565)"
London,A407,A123,False,7.6000000000000005,9.165217391304349,1.5652173913043481,1,20.0,0.10434782608695652,0.5217391304347826,7.8652173913043475,7.8652173913043475,0.0,0,0.0,0.0,0.0,0.26521739130434696,-1.3000000000000016,1,Avoid-route changed to bypass higher-risk edges on the shortest route.,3,1,"A41->LA Boundary (risk=0.522, penalty=1.565)"
London,A407,A123/A1153,True,10.201923076923077,10.201923076923077,0.0,0,0.0,0.0,0.0,10.201923076923077,10.201923076923077,0.0,0,0.0,0.0,0.0,0.0,0.0,0,No change (same path),0,0,
London,A407,A123/A1400,True,3.7125000000000004,3.7125000000000004,0.0,0,0.0,0.0,0.0,3.7125000000000004,3.7125000000000004,0.0,0,0.0,0.0,0.0,0.0,0.0,0,No change (same path),0,0,
London,A407,A124,False,5.928571428571429,7.493788819875777,1.5652173913043481,1,25.0,0.13043478260869565,0.5217391304347826,6.193788819875777,6.193788819875777,0.0,0,0.0,0.0,0.0,0.26521739130434785,-1.3000000000000007,1,Avoid-route changed to bypass higher-risk edges on the shortest route.,3,1,"A41->LA Boundary (risk=0.522, penalty=1.565)"
London,A407,A125,False,6.0,7.565217391304349,1.5652173913043481,1,25.0,0.13043478260869565,0.5217391304347826,6.265217391304348,6.265217391304348,0.0,0,0.0,0.0,0.0,0.26521739130434785,-1.3000000000000007,1,Avoid-route changed to bypass higher-risk edges on the shortest route.,3,1,"A41->LA Boundary (risk=0.522, penalty=1.565)"
London,A407,A13(T),True,7.480555555555555,7.480555555555555,0.0,0,0.0,0.0,0.0,7.480555555555555,7.480555555555555,0.0,0,0.0,0.0,0.0,0.0,0.0,0,No change (same path),0,0,
London,A407,A2,False,7.828571428571429,9.393788819875777,1.5652173913043481,1,16.666666666666664,0.08695652173913043,0.5217391304347826,8.093788819875776,8.093788819875776,0.0,0,0.0,0.0,0.0,0.26521739130434696,-1.3000000000000007,1,Avoid-route changed to bypass higher-risk edges on the shortest route.,3,1,"A41->LA Boundary (risk=0.522, penalty=1.565)"
London,A407,A20,False,9.1,10.665217391304349,1.5652173913043481,1,12.5,0.06521739130434782,0.5217391304347826,9.365217391304348,9.365217391304348,0.0,0,0.0,0.0,0.0,0.26521739130434874,-1.3000000000000007,1,Avoid-route changed to bypass higher-risk edges on the shortest route.,3,1,"A41->LA Boundary (risk=0.522, penalty=1.565)"
London,A407,A200,False,4.1000000000000005,5.665217391304348,1.5652173913043481,1,25.0,0.13043478260869565,0.5217391304347826,4.3652173913043475,4.3652173913043475,0.0,0,0.0,0.0,0.0,0.26521739130434696,-1.3000000000000007,1,Avoid-route changed to bypass higher-risk edges on the shortest route.,3,1,"A41->LA Boundary (risk=0.522, penalty=1.565)"
London,A407,A200 Creek Rd/Romney Rd,False,10.5,12.06521739130435,1.5652173913043481,1,16.666666666666664,0.08695652173913043,0.5217391304347826,10.765217391304349,10.765217391304349,0.0,0,0.0,0.0,0.0,0.26521739130434874,-1.3000000000000007,1,Avoid-route changed to bypass higher-risk edges on the shortest route.,3,1,"A41->LA Boundary (risk=0.522, penalty=1.565)"
London,A407,A2001,False,6.4,7.965217391304348,1.5652173913043481,1,20.0,0.10434782608695652,0.5217391304347826,6.665217391304347,6.665217391304347,0.0,0,0.0,0.0,0.0,0.26521739130434696,-1.3000000000000007,1,Avoid-route changed to bypass higher-risk edges on the shortest route.,3,1,"A41->LA Boundary (risk=0.522, penalty=1.565)"
London,A407,A201,False,4.2,6.008695652173913,1.8086956521739133,2,50.0,0.28260869565217395,0.6086956521739131,4.465217391304348,4.708695652173913,0.24347826086956526,1,25.0,0.15217391304347827,0.6086956521739131,0.26521739130434785,-1.3000000000000007,1,Avoid-route changed to bypass higher-risk edges on the shortest route.,3,1,"A41->LA Boundary (risk=0.522, penalty=1.565)"
London,A407,A201 Blackfriars Bridge,False,4.5,6.065217391304349,1.5652173913043481,1,25.0,0.13043478260869565,0.5217391304347826,4.765217391304348,4.765217391304348,0.0,0,0.0,0.0,0.0,0.26521739130434785,-1.3000000000000007,1,Avoid-route changed to bypass higher-risk edges on the shortest route.,3,1,"A41->LA Boundary (risk=0.522, penalty=1.565)"
London,A407,A201/A3202,False,9.8,11.365217391304348,1.5652173913043481,1,14.285714285714285,0.07453416149068323,0.5217391304347826,10.065217391304348,10.065217391304348,0.0,0,0.0,0.0,0.0,0.26521739130434696,-1.3000000000000007,1,Avoid-route changed to bypass higher-risk edges on the shortest route.,3,1,"A41->LA Boundary (risk=0.522, penalty=1.565)"
London,A407,A201/A3203,False,9.9,11.465217391304348,1.5652173913043481,1,14.285714285714285,0.07453416149068323,0.5217391304347826,10.165217391304347,10.165217391304347,0.0,0,0.0,0.0,0.0,0.26521739130434696,-1.3000000000000007,1,Avoid-route changed to bypass higher-risk edges on the shortest route.,3,1,"A41->LA Boundary (risk=0.522, penalty=1.565)"
London,A407,A2015,False,4.8,6.365217391304348,1.5652173913043481,1,20.0,0.10434782608695652,0.5217391304347826,5.065217391304348,5.065217391304348,0.0,0,0.0,0.0,0.0,0.26521739130434785,-1.3000000000000007,1,Avoid-route changed to bypass higher-risk edges on the shortest route.,3,1,"A41->LA Boundary (risk=0.522, penalty=1.565)"
London,A407,A202,False,4.7,6.265217391304348,1.5652173913043481,1,20.0,0.10434782608695652,0.5217391304347826,4.965217391304348,4.965217391304348,0.0,0,0.0,0.0,0.0,0.26521739130434785,-1.2999999999999998,1,Avoid-route changed to bypass higher-risk edges on the shortest route.,3,1,"A41->LA Boundary (risk=0.522, penalty=1.565)"
London,A407,A202 Clayton St,False,9.8,11.365217391304348,1.5652173913043481,1,12.5,0.06521739130434782,0.5217391304347826,10.065217391304348,10.065217391304348,0.0,0,0.0,0.0,0.0,0.26521739130434696,-1.3000000000000007,1,Avoid-route changed to bypass higher-risk edges on the shortest route.,3,1,"A41->LA Boundary (risk=0.522, penalty=1.565)"
London,A407,A203,False,4.3,5.865217391304348,1.5652173913043481,1,20.0,0.10434782608695652,0.5217391304347826,4.565217391304348,4.565217391304348,0.0,0,0.0,0.0,0.0,0.26521739130434785,-1.3000000000000007,1,Avoid-route changed to bypass higher-risk edges on the shortest route.,3,1,"A41->LA Boundary (risk=0.522, penalty=1.565)"
London,A407,A204/A215 roundabout,False,10.6,12.165217391304349,1.5652173913043481,1,16.666666666666664,0.08695652173913043,0.5217391304347826,10.865217391304348,10.865217391304348,0.0,0,0.0,0.0,0.0,0.26521739130434874,-1.3000000000000007,1,Avoid-route changed to bypass higher-risk edges on the shortest route.,3,1,"A41->LA Boundary (risk=0.522, penalty=1.565)"
London,A407,A2043,False,4.9,6.465217391304348,1.5652173913043481,1,20.0,0.10434782608695652,0.5217391304347826,5.165217391304347,5.165217391304347,0.0,0,0.0,0.0,0.0,0.26521739130434696,-1.3000000000000007,1,Avoid-route changed to bypass higher-risk edges on the shortest route.,3,1,"A41->LA Boundary (risk=0.522, penalty=1.565)"
London,A407,A205,False,6.9,8.465217391304348,1.5652173913043481,1,14.285714285714285,0.07453416149068323,0.5217391304347826,7.165217391304347,7.165217391304347,0.0,0,0.0,0.0,0.0,0.26521739130434696,-1.3000000000000007,1,Avoid-route changed to bypass higher-risk edges on the shortest route.,3,1,"A41->LA Boundary (risk=0.522, penalty=1.565)"
London,A407,A205 The Avenue,False,5.1000000000000005,6.908695652173914,1.8086956521739133,2,28.57142857142857,0.1614906832298137,0.6086956521739131,5.3652173913043475,5.608695652173913,0.24347826086956526,1,14.285714285714285,0.08695652173913045,0.6086956521739131,0.26521739130434696,-1.3000000000000007,1,Avoid-route changed to bypass higher-risk edges on the shortest route.,3,1,"A41->LA Boundary (risk=0.522, penalty=1.565)"
London,A407,A206,False,10.0,11.56521739130435,1.5652173913043481,1,20.0,0.10434782608695652,0.5217391304347826,10.265217391304349,10.265217391304349,0.0,0,0.0,0.0,0.0,0.26521739130434874,-1.3000000000000007,1,Avoid-route changed to bypass higher-risk edges on the shortest route.,3,1,"A41->LA Boundary (risk=0.522, penalty=1.565)"
London,A407,A208,False,8.7,10.265217391304349,1.5652173913043481,1,12.5,0.06521739130434782,0.5217391304347826,8.965217391304348,8.965217391304348,0.0,0,0.0,0.0,0.0,0.26521739130434874,-1.3000000000000007,1,Avoid-route changed to bypass higher-risk edges on the shortest route.,3,1,"A41->LA Boundary (risk=0.522, penalty=1.565)"
London,A407,A21,False,7.1,8.665217391304347,1.5652173913043481,1,12.5,0.06521739130434782,0.5217391304347826,7.3652173913043475,7.3652173913043475,0.0,0,0.0,0.0,0.0,0.26521739130434785,-1.2999999999999998,1,Avoid-route changed to bypass higher-risk edges on the shortest route.,3,1,"A41->LA Boundary (risk=0.522, penalty=1.565)"
London,A407,A210,False,7.1000000000000005,8.665217391304349,1.5652173913043481,1,20.0,0.10434782608695652,0.5217391304347826,7.3652173913043475,7.3652173913043475,0.0,0,0.0,0.0,0.0,0.26521739130434696,-1.3000000000000016,1,Avoid-route changed to bypass higher-risk edges on the shortest route.,3,1,"A41->LA Boundary (risk=0.522, penalty=1.565)"
London,A407,A211,False,6.4,7.965217391304348,1.5652173913043481,1,20.0,0.10434782608695652,0.5217391304347826,6.665217391304347,6.665217391304347,0.0,0,0.0,0.0,0.0,0.26521739130434696,-1.3000000000000007,1,Avoid-route changed to bypass higher-risk edges on the shortest route.,3,1,"A41->LA Boundary (risk=0.522, penalty=1.565)"
London,A407,A212,False,6.6,8.165217391304349,1.5652173913043481,1,20.0,0.10434782608695652,0.5217391304347826,6.8652173913043475,6.8652173913043475,0.0,0,0.0,0.0,0.0,0.26521739130434785,-1.3000000000000016,1,Avoid-route changed to bypass higher-risk edges on the shortest route.,3,1,"A41->LA Boundary (risk=0.522, penalty=1.565)"
London,A407,A213,False,5.0,6.565217391304349,1.5652173913043481,1,20.0,0.10434782608695652,0.5217391304347826,5.265217391304348,5.265217391304348,0.0,0,0.0,0.0,0.0,0.26521739130434785,-1.3000000000000007,1,Avoid-route changed to bypass higher-risk edges on the shortest route.,3,1,"A41->LA Boundary (risk=0.522, penalty=1.565)"
London,A407,A213 Penge Rd,False,8.2,9.765217391304349,1.5652173913043481,1,14.285714285714285,0.07453416149068323,0.5217391304347826,8.465217391304348,8.465217391304348,0.0,0,0.0,0.0,0.0,0.26521739130434874,-1.3000000000000007,1,Avoid-route changed to bypass higher-risk edges on the shortest route.,3,1,"A41->LA Boundary (risk=0.522, penalty=1.565)"
London,A407,A213 Sunny Bank,False,8.1,9.665217391304347,1.5652173913043481,1,14.285714285714285,0.07453416149068323,0.5217391304347826,8.365217391304348,8.365217391304348,0.0,0,0.0,0.0,0.0,0.26521739130434874,-1.299999999999999,1,Avoid-route changed to bypass higher-risk edges on the shortest route.,3,1,"A41->LA Boundary (risk=0.522, penalty=1.565)"
London,A407,A214,False,8.6,10.165217391304349,1.5652173913043481,1,16.666666666666664,0.08695652173913043,0.5217391304347826,8.865217391304348,8.865217391304348,0.0,0,0.0,0.0,0.0,0.26521739130434874,-1.3000000000000007,1,Avoid-route changed to bypass higher-risk edges on the shortest route.,3,1,"A41->LA Boundary (risk=0.522, penalty=1.565)"
London,A407,A215,False,7.8,9.365217391304348,1.5652173913043481,1,16.666666666666664,0.08695652173913043,0.5217391304347826,8.065217391304348,8.065217391304348,0.0,0,0.0,0.0,0.0,0.26521739130434785,-1.3000000000000007,1,Avoid-route changed to bypass higher-risk edges on the shortest route.,3,1,"A41->LA Boundary (risk=0.522, penalty=1.565)"
London,A407,A216,False,6.8,8.365217391304348,1.5652173913043481,1,16.666666666666664,0.08695652173913043,0.5217391304347826,7.065217391304348,7.065217391304348,0.0,0,0.0,0.0,0.0,0.26521739130434785,-1.3000000000000007,1,Avoid-route changed to bypass higher-risk edges on the shortest route.,3,1,"A41->LA Boundary (risk=0.522, penalty=1.565)"
London,A407,A217,False,8.9,10.465217391304348,1.5652173913043481,1,12.5,0.06521739130434782,0.5217391304347826,9.165217391304347,9.165217391304347,0.0,0,0.0,0.0,0.0,0.26521739130434696,-1.3000000000000007,1,Avoid-route changed to bypass higher-risk edges on the shortest route.,3,1,"A41->LA Boundary (risk=0.522, penalty=1.565)"
London,A407,A218,False,7.214285714285714,8.779503105590063,1.5652173913043481,1,12.5,0.06521739130434782,0.5217391304347826,7.479503105590062,7.479503105590062,0.0,0,0.0,0.0,0.0,0.26521739130434785,-1.3000000000000007,1,Avoid-route changed to bypass higher-risk edges on the shortest route.,3,1,"A41->LA Boundary (risk=0.522, penalty=1.565)"
London,A407,A219,False,7.4,8.965217391304348,1.5652173913043481,1,14.285714285714285,0.07453416149068323,0.5217391304347826,7.665217391304347,7.665217391304347,0.0,0,0.0,0.0,0.0,0.26521739130434696,-1.3000000000000007,1,Avoid-route changed to bypass higher-risk edges on the shortest route.,3,1,"A41->LA Boundary (risk=0.522, penalty=1.565)"
London,A407,A2205,False,8.628571428571428,10.193788819875778,1.5652173913043481,1,14.285714285714285,0.07453416149068323,0.5217391304347826,8.893788819875777,8.893788819875777,0.0,0,0.0,0.0,0.0,0.26521739130434874,-1.3000000000000007,1,Avoid-route changed to bypass higher-risk edges on the shortest route.,3,1,"A41->LA Boundary (risk=0.522, penalty=1.565)"
London,A407,A2206,False,8.22857142857143,9.793788819875777,1.5652173913043481,1,14.285714285714285,0.07453416149068323,0.5217391304347826,8.493788819875776,8.493788819875776,0.0,0,0.0,0.0,0.0,0.26521739130434696,-1.3000000000000007,1,Avoid-route changed to bypass higher-risk edges on the shortest route.,3,1,"A41->LA Boundary (risk=0.522, penalty=1.565)"
London,A407,A221,False,6.6000000000000005,8.165217391304349,1.5652173913043481,1,25.0,0.13043478260869565,0.5217391304347826,6.865217391304348,6.865217391304348,0.0,0,0.0,0.0,0.0,0.26521739130434785,-1.3000000000000007,1,Avoid-route changed to bypass higher-risk edges on the shortest route.,3,1,"A41->LA Boundary (risk=0.522, penalty=1.565)"
London,A407,A2211,False,8.628571428571428,10.193788819875778,1.5652173913043481,1,14.285714285714285,0.07453416149068323,0.5217391304347826,8.893788819875777,8.893788819875777,0.0,0,0.0,0.0,0.0,0.26521739130434874,-1.3000000000000007,1,Avoid-route changed to bypass higher-risk edges on the shortest route.,3,1,"A41->LA Boundary (risk=0.522, penalty=1.565)"
London,A407,A2212,False,6.5,8.065217391304348,1.5652173913043481,1,20.0,0.10434782608695652,0.5217391304347826,6.765217391304348,6.765217391304348,0.0,0,0.0,0.0,0.0,0.26521739130434785,-1.2999999999999998,1,Avoid-route changed to bypass higher-risk edges on the shortest route.,3,1,"A41->LA Boundary (risk=0.522, penalty=1.565)"
London,A407,A2213,False,7.3,8.865217391304348,1.5652173913043481,1,12.5,0.06521739130434782,0.5217391304347826,7.565217391304348,7.565217391304348,0.0,0,0.0,0.0,0.0,0.26521739130434785,-1.3000000000000007,1,Avoid-route changed to bypass higher-risk edges on the shortest route.,3,1,"A41->LA Boundary (risk=0.522, penalty=1.565)"
London,A407,A2214,False,4.2,5.765217391304348,1.5652173913043481,1,25.0,0.13043478260869565,0.5217391304347826,4.465217391304348,4.465217391304348,0.0,0,0.0,0.0,0.0,0.26521739130434785,-1.2999999999999998,1,Avoid-route changed to bypass higher-risk edges on the shortest route.,3,1,"A41->LA Boundary (risk=0.522, penalty=1.565)"
London,A407,A2216,False,4.8,6.365217391304348,1.5652173913043481,1,25.0,0.13043478260869565,0.5217391304347826,5.065217391304348,5.065217391304348,0.0,0,0.0,0.0,0.0,0.26521739130434785,-1.3000000000000007,1,Avoid-route changed to bypass higher-risk edges on the shortest route.,3,1,"A41->LA Boundary (risk=0.522, penalty=1.565)"
London,A407,A2217,False,4.5,6.065217391304349,1.5652173913043481,1,25.0,0.13043478260869565,0.5217391304347826,4.765217391304348,4.765217391304348,0.0,0,0.0,0.0,0.0,0.26521739130434785,-1.3000000000000007,1,Avoid-route changed to bypass higher-risk edges on the shortest route.,3,1,"A41->LA Boundary (risk=0.522, penalty=1.565)"
London,A407,A2218,False,5.0,6.565217391304349,1.5652173913043481,1,16.666666666666664,0.08695652173913043,0.5217391304347826,5.265217391304348,5.265217391304348,0.0,0,0.0,0.0,0.0,0.26521739130434785,-1.3000000000000007,1,Avoid-route changed to bypass higher-risk edges on the shortest route.,3,1,"A41->LA Boundary (risk=0.522, penalty=1.565)"
London,A407,A222,False,6.0,7.565217391304349,1.5652173913043481,1,25.0,0.13043478260869565,0.5217391304347826,6.265217391304348,6.265217391304348,0.0,0,0.0,0.0,0.0,0.26521739130434785,-1.3000000000000007,1,Avoid-route changed to bypass higher-risk edges on the shortest route.,3,1,"A41->LA Boundary (risk=0.522, penalty=1.565)"
London,A407,A222 Cherry Orchard Rd,False,7.6,9.165217391304349,1.5652173913043481,1,16.666666666666664,0.08695652173913043,0.5217391304347826,7.8652173913043475,7.8652173913043475,0.0,0,0.0,0.0,0.0,0.26521739130434785,-1.3000000000000016,1,Avoid-route changed to bypass higher-risk edges on the shortest route.,3,1,"A41->LA Boundary (risk=0.522, penalty=1.565)"
London,A407,A223,False,6.3,7.865217391304348,1.5652173913043481,1,25.0,0.13043478260869565,0.5217391304347826,6.565217391304348,6.565217391304348,0.0,0,0.0,0.0,0.0,0.26521739130434785,-1.3000000000000007,1,Avoid-route changed to bypass higher-risk edges on the shortest route.,3,1,"A41->LA Boundary (risk=0.522, penalty=1.565)"
London,A407,A224,False,7.6,9.165217391304349,1.5652173913043481,1,16.666666666666664,0.08695652173913043,0.5217391304347826,7.8652173913043475,7.8652173913043475,0.0,0,0.0,0.0,0.0,0.26521739130434785,-1.3000000000000016,1,Avoid-route changed to bypass higher-risk edges on the shortest route.,3,1,"A41->LA Boundary (risk=0.522, penalty=1.565)"
London,A407,A23,False,9.200000000000001,10.765217391304349,1.5652173913043481,1,20.0,0.10434782608695652,0.5217391304347826,9.465217391304348,9.465217391304348,0.0,0,0.0,0.0,0.0,0.26521739130434696,-1.3000000000000007,1,Avoid-route changed to bypass higher-risk edges on the shortest route.,3,1,"A41->LA Boundary (risk=0.522, penalty=1.565)"
London,A407,A23/A204,False,6.3,8.108695652173914,1.8086956521739133,2,28.57142857142857,0.1614906832298137,0.6086956521739131,6.565217391304348,6.808695652173913,0.24347826086956526,1,14.285714285714285,0.08695652173913045,0.6086956521739131,0.26521739130434785,-1.3000000000000007,1,Avoid-route changed to bypass higher-risk edges on the shortest route.,3,1,"A41->LA Boundary (risk=0.522, penalty=1.565)"
London,A407,A232,False,7.1000000000000005,8.665217391304349,1.5652173913043481,1,25.0,0.13043478260869565,0.5217391304347826,7.3652173913043475,7.3652173913043475,0.0,0,0.0,0.0,0.0,0.26521739130434696,-1.3000000000000016,1,Avoid-route changed to bypass higher-risk edges on the shortest route.,3,1,"A41->LA Boundary (risk=0.522, penalty=1.565)"
London,A407,A232 Epsom Rd,False,9.6,11.165217391304349,1.5652173913043481,1,14.285714285714285,0.07453416149068323,0.5217391304347826,9.865217391304348,9.865217391304348,0.0,0,0.0,0.0,0.0,0.26521739130434874,-1.3000000000000007,1,Avoid-route changed to bypass higher-risk edges on the shortest route.,3,1,"A41->LA Boundary (risk=0.522, penalty=1.565)"
London,A407,A232 High St,False,9.700000000000001,11.265217391304349,1.5652173913043481,1,20.0,0.10434782608695652,0.5217391304347826,9.965217391304348,9.965217391304348,0.0,0,0.0,0.0,0.0,0.26521739130434696,-1.3000000000000007,1,Avoid-route changed to bypass higher-risk edges on the shortest route.,3,1,"A41->LA Boundary (risk=0.522, penalty=1.565)"
London,A407,A232 Stafford Rd,False,9.4,10.965217391304348,1.5652173913043481,1,16.666666666666664,0.08695652173913043,0.5217391304347826,9.665217391304347,9.665217391304347,0.0,0,0.0,0.0,0.0,0.26521739130434696,-1.3000000000000007,1,Avoid-route changed to bypass higher-risk edges on the shortest route.,3,1,"A41->LA Boundary (risk=0.522, penalty=1.565)"
London,A407,A234,False,4.3,5.865217391304348,1.5652173913043481,1,25.0,0.13043478260869565,0.5217391304347826,4.565217391304348,4.565217391304348,0.0,0,0.0,0.0,0.0,0.26521739130434785,-1.3000000000000007,1,Avoid-route changed to bypass higher-risk edges on the shortest route.,3,1,"A41->LA Boundary (risk=0.522, penalty=1.565)"
London,A407,A236,False,6.1,7.665217391304348,1.5652173913043481,1,20.0,0.10434782608695652,0.5217391304347826,6.3652173913043475,6.3652173913043475,0.0,0,0.0,0.0,0.0,0.26521739130434785,-1.3000000000000007,1,Avoid-route changed to bypass higher-risk edges on the shortest route.,3,1,"A41->LA Boundary (risk=0.522, penalty=1.565)"
London,A407,A238,False,5.1,6.665217391304348,1.5652173913043481,1,16.666666666666664,0.08695652173913043,0.5217391304347826,5.3652173913043475,5.3652173913043475,0.0,0,0.0,0.0,0.0,0.26521739130434785,-1.3000000000000007,1,Avoid-route changed to bypass higher-risk edges on the shortest route.,3,1,"A41->LA Boundary (risk=0.522, penalty=1.565)"
London,A407,A239,False,5.5,7.065217391304349,1.5652173913043481,1,25.0,0.13043478260869565,0.5217391304347826,5.765217391304348,5.765217391304348,0.0,0,0.0,0.0,0.0,0.26521739130434785,-1.3000000000000007,1,Avoid-route changed to bypass higher-risk edges on the shortest route.,3,1,"A41->LA Boundary (risk=0.522, penalty=1.565)"
London,A407,A239 Central Rd,False,4.64,6.205217391304348,1.5652173913043481,1,25.0,0.13043478260869565,0.5217391304347826,4.9052173913043475,4.9052173913043475,0.0,0,0.0,0.0,0.0,0.26521739130434785,-1.3000000000000007,1,Avoid-route changed to bypass higher-risk edges on the shortest route.,3,1,"A41->LA Boundary (risk=0.522, penalty=1.565)"
London,A407,A24,False,5.5,7.065217391304349,1.5652173913043481,1,14.285714285714285,0.07453416149068323,0.5217391304347826,5.765217391304348,5.765217391304348,0.0,0,0.0,0.0,0.0,0.26521739130434785,-1.3000000000000007,1,Avoid-route changed to bypass higher-risk edges on the shortest route.,3,1,"A41->LA Boundary (risk=0.522, penalty=1.565)"
London,A407,A244,False,7.6000000000000005,9.165217391304349,1.5652173913043481,1,20.0,0.10434782608695652,0.5217391304347826,7.8652173913043475,7.8652173913043475,0.0,0,0.0,0.0,0.0,0.26521739130434696,-1.3000000000000016,1,Avoid-route changed to bypass higher-risk edges on the shortest route.,3,1,"A41->LA Boundary (risk=0.522, penalty=1.565)"
London,A407,A298,False,5.5,7.065217391304349,1.5652173913043481,1,16.666666666666664,0.08695652173913043,0.5217391304347826,5.765217391304348,5.765217391304348,0.0,0,0.0,0.0,0.0,0.26521739130434785,-1.3000000000000007,1,Avoid-route changed to bypass higher-risk edges on the shortest route.,3,1,"A41->LA Boundary (risk=0.522, penalty=1.565)"
London,A407,A3,False,4.6000000000000005,6.408695652173914,1.8086956521739133,2,33.33333333333333,0.1884057971014493,0.6086956521739131,4.8652173913043475,5.108695652173913,0.24347826086956526,1,16.666666666666664,0.10144927536231885,0.6086956521739131,0.26521739130434696,-1.3000000000000007,1,Avoid-route changed to bypass higher-risk edges on the shortest route.,3,1,"A41->LA Boundary (risk=0.522, penalty=1.565)"
London,A407,A3(T),False,5.142857142857143,6.708074534161491,1.5652173913043481,1,25.0,0.13043478260869565,0.5217391304347826,5.40807453416149,5.40807453416149,0.0,0,0.0,0.0,0.0,0.26521739130434696,-1.3000000000000007,1,Avoid-route changed to bypass higher-risk edges on the shortest route.,3,1,"A41->LA Boundary (risk=0.522, penalty=1.565)"
London,A407,A30,False,7.757142857142857,9.322360248447206,1.5652173913043481,1,20.0,0.10434782608695652,0.5217391304347826,8.022360248447205,8.022360248447205,0.0,0,0.0,0.0,0.0,0.26521739130434785,-1.3000000000000007,1,Avoid-route changed to bypass higher-risk edges on the shortest route.,3,1,"A41->LA Boundary (risk=0.522, penalty=1.565)"
London,A407,A30/A312/A4,False,8.011111111111111,9.576328502415459,1.5652173913043481,1,16.666666666666664,0.08695652173913043,0.5217391304347826,8.276328502415458,8.276328502415458,0.0,0,0.0,0.0,0.0,0.26521739130434696,-1.3000000000000007,1,Avoid-route changed to bypass higher-risk edges on the shortest route.,3,1,"A41->LA Boundary (risk=0.522, penalty=1.565)"
London,A407,A300,False,4.4,6.208695652173914,1.8086956521739133,2,40.0,0.22608695652173916,0.6086956521739131,4.665217391304347,4.908695652173913,0.24347826086956526,1,20.0,0.12173913043478261,0.6086956521739131,0.26521739130434696,-1.3000000000000007,1,Avoid-route changed to bypass higher-risk edges on the shortest route.,3,1,"A41->LA Boundary (risk=0.522, penalty=1.565)"
London,A407,A3000,False,6.3,7.865217391304348,1.5652173913043481,1,16.666666666666664,0.08695652173913043,0.5217391304347826,6.565217391304348,6.565217391304348,0.0,0,0.0,0.0,0.0,0.26521739130434785,-1.3000000000000007,1,Avoid-route changed to bypass higher-risk edges on the shortest route.,3,1,"A41->LA Boundary (risk=0.522, penalty=1.565)"
London,A407,A3002,False,12.1,13.665217391304349,1.5652173913043481,1,16.666666666666664,0.08695652173913043,0.5217391304347826,12.365217391304348,12.365217391304348,0.0,0,0.0,0.0,0.0,0.26521739130434874,-1.3000000000000007,1,Avoid-route changed to bypass higher-risk edges on the shortest route.,3,1,"A41->LA Boundary (risk=0.522, penalty=1.565)"
London,A407,A3004,False,5.3,6.865217391304348,1.5652173913043481,1,25.0,0.13043478260869565,0.5217391304347826,5.565217391304348,5.565217391304348,0.0,0,0.0,0.0,0.0,0.26521739130434785,-1.3000000000000007,1,Avoid-route changed to bypass higher-risk edges on the shortest route.,3,1,"A41->LA Boundary (risk=0.522, penalty=1.565)"
London,A407,A3008,False,5.919047619047619,7.484265010351967,1.5652173913043481,1,20.0,0.10434782608695652,0.5217391304347826,6.184265010351966,6.184265010351966,0.0,0,0.0,0.0,0.0,0.26521739130434696,-1.3000000000000007,1,Avoid-route changed to bypass higher-risk edges on the shortest route.,3,1,"A41->LA Boundary (risk=0.522, penalty=1.565)"
London,A407,A301,False,9.700000000000001,11.265217391304349,1.5652173913043481,1,16.666666666666664,0.08695652173913043,0.5217391304347826,9.965217391304348,9.965217391304348,0.0,0,0.0,0.0,0.0,0.26521739130434696,-1.3000000000000007,1,Avoid-route changed to bypass higher-risk edges on the shortest route.,3,1,"A41->LA Boundary (risk=0.522, penalty=1.565)"
London,A407,A302,False,9.5,11.065217391304348,1.5652173913043481,1,16.666666666666664,0.08695652173913043,0.5217391304347826,9.765217391304347,9.765217391304347,0.0,0,0.0,0.0,0.0,0.26521739130434696,-1.3000000000000007,1,Avoid-route changed to bypass higher-risk edges on the shortest route.,3,1,"A41->LA Boundary (risk=0.522, penalty=1.565)"
London,A407,A3036,False,4.1000000000000005,5.665217391304348,1.5652173913043481,1,25.0,0.13043478260869565,0.5217391304347826,4.3652173913043475,4.3652173913043475,0.0,0,0.0,0.0,0.0,0.26521739130434696,-1.3000000000000007,1,Avoid-route changed to bypass higher-risk edges on the shortest route.,3,1,"A41->LA Boundary (risk=0.522, penalty=1.565)"
London,A407,A3036/A3200 roundabout,False,10.08,11.645217391304348,1.5652173913043481,1,12.5,0.06521739130434782,0.5217391304347826,10.345217391304347,10.345217391304347,0.0,0,0.0,0.0,0.0,0.26521739130434696,-1.3000000000000007,1,Avoid-route changed to bypass higher-risk edges on the shortest route.,3,1,"A41->LA Boundary (risk=0.522, penalty=1.565)"
London,A407,A304,False,7.5,9.065217391304348,1.5652173913043481,1,16.666666666666664,0.08695652173913043,0.5217391304347826,7.765217391304348,7.765217391304348,0.0,0,0.0,0.0,0.0,0.26521739130434785,-1.2999999999999998,1,Avoid-route changed to bypass higher-risk edges on the shortest route.,3,1,"A41->LA Boundary (risk=0.522, penalty=1.565)"
London,A407,A3044,False,4.6,6.165217391304348,1.5652173913043481,1,25.0,0.13043478260869565,0.5217391304347826,4.8652173913043475,4.8652173913043475,0.0,0,0.0,0.0,0.0,0.26521739130434785,-1.3000000000000007,1,Avoid-route changed to bypass higher-risk edges on the shortest route.,3,1,"A41->LA Boundary (risk=0.522, penalty=1.565)"
London,A407,A305,False,9.91904761904762,11.484265010351967,1.5652173913043481,1,14.285714285714285,0.07453416149068323,0.5217391304347826,10.184265010351966,10.184265010351966,0.0,0,0.0,0.0,0.0,0.26521739130434696,-1.3000000000000007,1,Avoid-route changed to bypass higher-risk edges on the shortest route.,3,1,"A41->LA Boundary (risk=0.522, penalty=1.565)"
London,A407,A306,False,9.2,10.765217391304349,1.5652173913043481,1,16.666666666666664,0.08695652173913043,0.5217391304347826,9.465217391304348,9.465217391304348,0.0,0,0.0,0.0,0.0,0.26521739130434874,-1.3000000000000007,1,Avoid-route changed to bypass higher-risk edges on the shortest route.,3,1,"A41->LA Boundary (risk=0.522, penalty=1.565)"
London,A407,A3063,False,5.5,7.065217391304349,1.5652173913043481,1,25.0,0.13043478260869565,0.5217391304347826,5.765217391304348,5.765217391304348,0.0,0,0.0,0.0,0.0,0.26521739130434785,-1.3000000000000007,1,Avoid-route changed to bypass higher-risk edges on the shortest route.,3,1,"A41->LA Boundary (risk=0.522, penalty=1.565)"
London,A407,A307,False,4.6,6.165217391304348,1.5652173913043481,1,25.0,0.13043478260869565,0.5217391304347826,4.8652173913043475,4.8652173913043475,0.0,0,0.0,0.0,0.0,0.26521739130434785,-1.3000000000000007,1,Avoid-route changed to bypass higher-risk edges on the shortest route.,3,1,"A41->LA Boundary (risk=0.522, penalty=1.565)"
London,A407,A308,False,5.6190476190476195,7.184265010351967,1.5652173913043481,1,25.0,0.13043478260869565,0.5217391304347826,5.8842650103519665,5.8842650103519665,0.0,0,0.0,0.0,0.0,0.26521739130434696,-1.3000000000000007,1,Avoid-route changed to bypass higher-risk edges on the shortest route.,3,1,"A41->LA Boundary (risk=0.522, penalty=1.565)"
London,A407,A309,False,9.21904761904762,10.784265010351968,1.5652173913043481,1,16.666666666666664,0.08695652173913043,0.5217391304347826,9.484265010351967,9.484265010351967,0.0,0,0.0,0.0,0.0,0.26521739130434696,-1.3000000000000007,1,Avoid-route changed to bypass higher-risk edges on the shortest route.,3,1,"A41->LA Boundary (risk=0.522, penalty=1.565)"
London,A407,A310,False,6.652380952380953,8.217598343685301,1.5652173913043481,1,16.666666666666664,0.08695652173913043,0.5217391304347826,6.9175983436853,6.9175983436853,0.0,0,0.0,0.0,0.0,0.26521739130434696,-1.3000000000000016,1,Avoid-route changed to bypass higher-risk edges on the shortest route.,3,1,"A41->LA Boundary (risk=0.522, penalty=1.565)"
London,A407,A311,False,5.9523809523809526,7.5175983436853,1.5652173913043481,1,20.0,0.10434782608695652,0.5217391304347826,6.2175983436853,6.2175983436853,0.0,0,0.0,0.0,0.0,0.26521739130434785,-1.2999999999999998,1,Avoid-route changed to bypass higher-risk edges on the shortest route.,3,1,"A41->LA Boundary (risk=0.522, penalty=1.565)"
London,A407,A312,False,7.1000000000000005,8.665217391304349,1.5652173913043481,1,25.0,0.13043478260869565,0.5217391304347826,7.3652173913043475,7.3652173913043475,0.0,0,0.0,0.0,0.0,0.26521739130434696,-1.3000000000000016,1,Avoid-route changed to bypass higher-risk edges on the shortest route.,3,1,"A41->LA Boundary (risk=0.522, penalty=1.565)"
London,A407,A312 Church Rd,False,5.3,6.865217391304348,1.5652173913043481,1,25.0,0.13043478260869565,0.5217391304347826,5.565217391304348,5.565217391304348,0.0,0,0.0,0.0,0.0,0.26521739130434785,-1.3000000000000007,1,Avoid-route changed to bypass higher-risk edges on the shortest route.,3,1,"A41->LA Boundary (risk=0.522, penalty=1.565)"
London,A407,A312 North Hyde Rd,False,5.9625,7.527717391304348,1.5652173913043481,1,16.666666666666664,0.08695652173913043,0.5217391304347826,6.227717391304347,6.227717391304347,0.0,0,0.0,0.0,0.0,0.26521739130434696,-1.3000000000000007,1,Avoid-route changed to bypass higher-risk edges on the shortest route.,3,1,"A41->LA Boundary (risk=0.522, penalty=1.565)"
London,A407,A312/A305,False,6.6000000000000005,8.165217391304349,1.5652173913043481,1,20.0,0.10434782608695652,0.5217391304347826,6.8652173913043475,6.8652173913043475,0.0,0,0.0,0.0,0.0,0.26521739130434696,-1.3000000000000016,1,Avoid-route changed to bypass higher-risk edges on the shortest route.,3,1,"A41->LA Boundary (risk=0.522, penalty=1.565)"
London,A407,A313,False,7.81904761904762,9.384265010351967,1.5652173913043481,1,20.0,0.10434782608695652,0.5217391304347826,8.084265010351967,8.084265010351967,0.0,0,0.0,0.0,0.0,0.26521739130434696,-1.3000000000000007,1,Avoid-route changed to bypass higher-risk edges on the shortest route.,3,1,"A41->LA Boundary (risk=0.522, penalty=1.565)"
London,A407,A314,False,5.6000000000000005,7.165217391304348,1.5652173913043481,1,25.0,0.13043478260869565,0.5217391304347826,5.8652173913043475,5.8652173913043475,0.0,0,0.0,0.0,0.0,0.26521739130434696,-1.3000000000000007,1,Avoid-route changed to bypass higher-risk edges on the shortest route.,3,1,"A41->LA Boundary (risk=0.522, penalty=1.565)"
London,A407,A315,False,6.1000000000000005,7.665217391304348,1.5652173913043481,1,20.0,0.10434782608695652,0.5217391304347826,6.3652173913043475,6.3652173913043475,0.0,0,0.0,0.0,0.0,0.26521739130434696,-1.3000000000000007,1,Avoid-route changed to bypass higher-risk edges on the shortest route.,3,1,"A41->LA Boundary (risk=0.522, penalty=1.565)"
London,A407,A315/A3216,False,6.519047619047619,8.084265010351967,1.5652173913043481,1,20.0,0.10434782608695652,0.5217391304347826,6.784265010351967,6.784265010351967,0.0,0,0.0,0.0,0.0,0.26521739130434785,-1.2999999999999998,1,Avoid-route changed to bypass higher-risk edges on the shortest route.,3,1,"A41->LA Boundary (risk=0.522, penalty=1.565)"
London,A407,A316,False,6.4,7.965217391304348,1.5652173913043481,1,20.0,0.10434782608695652,0.5217391304347826,6.665217391304347,6.665217391304347,0.0,0,0.0,0.0,0.0,0.26521739130434696,-1.3000000000000007,1,Avoid-route changed to bypass higher-risk edges on the shortest route.,3,1,"A41->LA Boundary (risk=0.522, penalty=1.565)"
London,A407,A3200,False,4.53,6.095217391304348,1.5652173913043481,1,25.0,0.13043478260869565,0.5217391304347826,4.795217391304348,4.795217391304348,0.0,0,0.0,0.0,0.0,0.26521739130434785,-1.2999999999999998,1,Avoid-route changed to bypass higher-risk edges on the shortest route.,3,1,"A41->LA Boundary (risk=0.522, penalty=1.565)"
London,A407,A3201,False,10.200000000000001,11.765217391304349,1.5652173913043481,1,12.5,0.06521739130434782,0.5217391304347826,10.465217391304348,10.465217391304348,0.0,0,0.0,0.0,0.0,0.26521739130434696,-1.3000000000000007,1,Avoid-route changed to bypass higher-risk edges on the shortest route.,3,1,"A41->LA Boundary (risk=0.522, penalty=1.565)"
London,A407,A3202,False,9.700000000000001,11.265217391304349,1.5652173913043481,1,14.285714285714285,0.07453416149068323,0.5217391304347826,9.965217391304348,9.965217391304348,0.0,0,0.0,0.0,0.0,0.26521739130434696,-1.3000000000000007,1,Avoid-route changed to bypass higher-risk edges on the shortest route.,3,1,"A41->LA Boundary (risk=0.522, penalty=1.565)"
London,A407,A3204,False,10.1,11.665217391304349,1.5652173913043481,1,16.666666666666664,0.08695652173913043,0.5217391304347826,10.365217391304348,10.365217391304348,0.0,0,0.0,0.0,0.0,0.26521739130434874,-1.3000000000000007,1,Avoid-route changed to bypass higher-risk edges on the shortest route.,3,1,"A41->LA Boundary (risk=0.522, penalty=1.565)"
London,A407,A3205,False,5.4,6.965217391304348,1.5652173913043481,1,20.0,0.10434782608695652,0.5217391304347826,5.665217391304347,5.665217391304347,0.0,0,0.0,0.0,0.0,0.26521739130434696,-1.3000000000000007,1,Avoid-route changed to bypass higher-risk edges on the shortest route.,3,1,"A41->LA Boundary (risk=0.522, penalty=1.565)"
London,A407,A3207,False,5.6000000000000005,7.408695652173914,1.8086956521739133,2,28.57142857142857,0.1614906832298137,0.6086956521739131,5.8652173913043475,6.108695652173913,0.24347826086956526,1,14.285714285714285,0.08695652173913045,0.6086956521739131,0.26521739130434696,-1.3000000000000007,1,Avoid-route changed to bypass higher-risk edges on the shortest route.,3,1,"A41->LA Boundary (risk=0.522, penalty=1.565)"
London,A407,A3209,False,7.4,8.965217391304348,1.5652173913043481,1,12.5,0.06521739130434782,0.5217391304347826,7.665217391304347,7.665217391304347,0.0,0,0.0,0.0,0.0,0.26521739130434696,-1.3000000000000007,1,Avoid-route changed to bypass higher-risk edges on the shortest route.,3,1,"A41->LA Boundary (risk=0.522, penalty=1.565)"
London,A407,A3211,False,4.2,5.765217391304348,1.5652173913043481,1,25.0,0.13043478260869565,0.5217391304347826,4.465217391304348,4.465217391304348,0.0,0,0.0,0.0,0.0,0.26521739130434785,-1.2999999999999998,1,Avoid-route changed to bypass higher-risk edges on the shortest route.,3,1,"A41->LA Boundary (risk=0.522, penalty=1.565)"
London,A407,A3214,False,9.700000000000001,11.265217391304349,1.5652173913043481,1,14.285714285714285,0.07453416149068323,0.5217391304347826,9.965217391304348,9.965217391304348,0.0,0,0.0,0.0,0.0,0.26521739130434696,-1.3000000000000007,1,Avoid-route changed to bypass higher-risk edges on the shortest route.,3,1,"A41->LA Boundary (risk=0.522, penalty=1.565)"
London,A407,A3216,False,5.590909090909091,7.156126482213439,1.5652173913043481,1,20.0,0.10434782608695652,0.5217391304347826,5.856126482213439,5.856126482213439,0.0,0,0.0,0.0,0.0,0.26521739130434785,-1.3000000000000007,1,Avoid-route changed to bypass higher-risk edges on the shortest route.,3,1,"A41->LA Boundary (risk=0.522, penalty=1.565)"
London,A407,A3218,False,6.0,7.565217391304349,1.5652173913043481,1,20.0,0.10434782608695652,0.5217391304347826,6.265217391304348,6.265217391304348,0.0,0,0.0,0.0,0.0,0.26521739130434785,-1.3000000000000007,1,Avoid-route changed to bypass higher-risk edges on the shortest route.,3,1,"A41->LA Boundary (risk=0.522, penalty=1.565)"
London,A407,A3219,False,7.8,9.365217391304348,1.5652173913043481,1,12.5,0.06521739130434782,0.5217391304347826,8.065217391304348,8.065217391304348,0.0,0,0.0,0.0,0.0,0.26521739130434785,-1.3000000000000007,1,Avoid-route changed to bypass higher-risk edges on the shortest route.,3,1,"A41->LA Boundary (risk=0.522, penalty=1.565)"
London,A407,A3220,False,4.3,5.865217391304348,1.5652173913043481,1,25.0,0.13043478260869565,0.5217391304347826,4.565217391304348,4.565217391304348,0.0,0,0.0,0.0,0.0,0.26521739130434785,-1.3000000000000007,1,Avoid-route changed to bypass higher-risk edges on the shortest route.,3,1,"A41->LA Boundary (risk=0.522, penalty=1.565)"
London,A407,A3220 Holland Rd roundabout,False,8.0,9.565217391304348,1.5652173913043481,1,12.5,0.06521739130434782,0.5217391304347826,8.265217391304347,8.265217391304347,0.0,0,0.0,0.0,0.0,0.26521739130434696,-1.3000000000000007,1,Avoid-route changed to bypass higher-risk edges on the shortest route.,3,1,"A41->LA Boundary (risk=0.522, penalty=1.565)"
London,A407,A3220 Holland Road roundabout,False,8.0,9.565217391304348,1.5652173913043481,1,12.5,0.06521739130434782,0.5217391304347826,8.265217391304347,8.265217391304347,0.0,0,0.0,0.0,0.0,0.26521739130434696,-1.3000000000000007,1,Avoid-route changed to bypass higher-risk edges on the shortest route.,3,1,"A41->LA Boundary (risk=0.522, penalty=1.565)"
London,A407,A3220 Prince of Wales Drive,False,4.8,6.365217391304348,1.5652173913043481,1,25.0,0.13043478260869565,0.5217391304347826,5.065217391304348,5.065217391304348,0.0,0,0.0,0.0,0.0,0.26521739130434785,-1.3000000000000007,1,Avoid-route changed to bypass higher-risk edges on the shortest route.,3,1,"A41->LA Boundary (risk=0.522, penalty=1.565)"
London,A407,A4,False,5.3,6.865217391304348,1.5652173913043481,1,25.0,0.13043478260869565,0.5217391304347826,5.565217391304348,5.565217391304348,0.0,0,0.0,0.0,0.0,0.26521739130434785,-1.3000000000000007,1,Avoid-route changed to bypass higher-risk edges on the shortest route.,3,1,"A41->LA Boundary (risk=0.522, penalty=1.565)"
London,A407,A4/A3216,False,5.7,7.265217391304348,1.5652173913043481,1,25.0,0.13043478260869565,0.5217391304347826,5.965217391304348,5.965217391304348,0.0,0,0.0,0.0,0.0,0.26521739130434785,-1.2999999999999998,1,Avoid-route changed to bypass higher-risk edges on the shortest route.,3,1,"A41->LA Boundary (risk=0.522, penalty=1.565)"
London,A407,A40,False,4.3,5.865217391304348,1.5652173913043481,1,25.0,0.13043478260869565,0.5217391304347826,4.565217391304348,4.565217391304348,0.0,0,0.0,0.0,0.0,0.26521739130434785,-1.3000000000000007,1,Avoid-route changed to bypass higher-risk edges on the shortest route.,3,1,"A41->LA Boundary (risk=0.522, penalty=1.565)"
London,A407,A40(T),False,14.92,16.48521739130435,1.5652173913043481,1,16.666666666666664,0.08695652173913043,0.5217391304347826,15.185217391304349,15.185217391304349,0.0,0,0.0,0.0,0.0,0.26521739130434874,-1.3000000000000007,1,Avoid-route changed to bypass higher-risk edges on the shortest route.,3,1,"A41->LA Boundary (risk=0.522, penalty=1.565)"
London,A407,A4000 Gunnersbury Lane,True,7.765217391304348,7.765217391304348,0.0,0,0.0,0.0,0.0,7.765217391304348,7.765217391304348,0.0,0,0.0,0.0,0.0,0.0,0.0,0,No change (same path),0,0,
London,A407,A4000 Wales Farm Rd,False,4.8,6.365217391304348,1.5652173913043481,1,20.0,0.10434782608695652,0.5217391304347826,5.065217391304348,5.065217391304348,0.0,0,0.0,0.0,0.0,0.26521739130434785,-1.3000000000000007,1,Avoid-route changed to bypass higher-risk edges on the shortest route.,3,1,"A41->LA Boundary (risk=0.522, penalty=1.565)"
London,A407,A4001,False,12.4,13.965217391304348,1.5652173913043481,1,14.285714285714285,0.07453416149068323,0.5217391304347826,12.665217391304347,12.665217391304347,0.0,0,0.0,0.0,0.0,0.26521739130434696,-1.3000000000000007,1,Avoid-route changed to bypass higher-risk edges on the shortest route.,3,1,"A41->LA Boundary (risk=0.522, penalty=1.565)"
London,A407,A4005,False,4.7,6.265217391304348,1.5652173913043481,1,25.0,0.13043478260869565,0.5217391304347826,4.965217391304348,4.965217391304348,0.0,0,0.0,0.0,0.0,0.26521739130434785,-1.2999999999999998,1,Avoid-route changed to bypass higher-risk edges on the shortest route.,3,1,"A41->LA Boundary (risk=0.522, penalty=1.565)"
London,A407,A4006,False,4.3,5.865217391304348,1.5652173913043481,1,25.0,0.13043478260869565,0.5217391304347826,4.565217391304348,4.565217391304348,0.0,0,0.0,0.0,0.0,0.26521739130434785,-1.3000000000000007,1,Avoid-route changed to bypass higher-risk edges on the shortest route.,3,1,"A41->LA Boundary (risk=0.522, penalty=1.565)"
London,A407,A4006 Kingsbury Rd,False,9.786363636363637,12.433003952569171,2.6466403162055343,2,33.33333333333333,0.17391304347826086,0.5217391304347826,10.051581027667984,11.13300395256917,1.081422924901186,1,16.666666666666664,0.08695652173913043,0.5217391304347826,0.26521739130434696,-1.3000000000000007,1,Avoid-route changed to bypass higher-risk edges on the shortest route.,3,1,"A41->LA Boundary (risk=0.522, penalty=1.565)"
London,A407,A4008,False,6.848863636363636,9.495503952569171,2.6466403162055343,2,40.0,0.20869565217391303,0.5217391304347826,7.114081027667984,8.19550395256917,1.081422924901186,1,20.0,0.10434782608695652,0.5217391304347826,0.26521739130434785,-1.3000000000000007,1,Avoid-route changed to bypass higher-risk edges on the shortest route.,3,1,"A41->LA Boundary (risk=0.522, penalty=1.565)"
London,A407,A401,False,4.8,6.365217391304348,1.5652173913043481,1,20.0,0.10434782608695652,0.5217391304347826,5.065217391304348,5.065217391304348,0.0,0,0.0,0.0,0.0,0.26521739130434785,-1.3000000000000007,1,Avoid-route changed to bypass higher-risk edges on the shortest route.,3,1,"A41->LA Boundary (risk=0.522, penalty=1.565)"
London,A407,A402,False,6.9,8.465217391304348,1.5652173913043481,1,16.666666666666664,0.08695652173913043,0.5217391304347826,7.165217391304347,7.165217391304347,0.0,0,0.0,0.0,0.0,0.26521739130434696,-1.3000000000000007,1,Avoid-route changed to bypass higher-risk edges on the shortest route.,3,1,"A41->LA Boundary (risk=0.522, penalty=1.565)"
London,A407,A4020,False,11.8,13.365217391304348,1.5652173913043481,1,20.0,0.10434782608695652,0.5217391304347826,12.065217391304348,12.065217391304348,0.0,0,0.0,0.0,0.0,0.26521739130434696,-1.3000000000000007,1,Avoid-route changed to bypass higher-risk edges on the shortest route.,3,1,"A41->LA Boundary (risk=0.522, penalty=1.565)"
London,A407,A404,False,5.036363636363636,7.6830039525691705,2.6466403162055343,2,50.0,0.2608695652173913,0.5217391304347826,5.301581027667984,6.38300395256917,1.081422924901186,1,25.0,0.13043478260869565,0.5217391304347826,0.26521739130434785,-1.3000000000000007,1,Avoid-route changed to bypass higher-risk edges on the shortest route.,3,1,"A41->LA Boundary (risk=0.522, penalty=1.565)"
London,A407,A404 split,True,0.3,0.3,0.0,0,0.0,0.0,0.0,0.3,0.3,0.0,0,0.0,0.0,0.0,0.0,0.0,0,No change (same path),0,0,
London,A407,A406,True,2.1,2.1,0.0,0,0.0,0.0,0.0,2.1,2.1,0.0,0,0.0,0.0,0.0,0.0,0.0,0,No change (same path),0,0,
London,A407,A406(T),True,6.565217391304348,6.565217391304348,0.0,0,0.0,0.0,0.0,6.565217391304348,6.565217391304348,0.0,0,0.0,0.0,0.0,0.0,0.0,0,No change (same path),0,0,
London,A407,A408,False,6.822727272727273,8.387944664031622,1.5652173913043481,1,20.0,0.10434782608695652,0.5217391304347826,7.087944664031621,7.087944664031621,0.0,0,0.0,0.0,0.0,0.26521739130434785,-1.3000000000000007,1,Avoid-route changed to bypass higher-risk edges on the shortest route.,3,1,"A41->LA Boundary (risk=0.522, penalty=1.565)"
London,A407,A4088,False,7.286363636363636,9.933003952569171,2.6466403162055343,2,40.0,0.20869565217391303,0.5217391304347826,7.551581027667984,8.63300395256917,1.081422924901186,1,20.0,0.10434782608695652,0.5217391304347826,0.26521739130434785,-1.3000000000000007,1,Avoid-route changed to bypass higher-risk edges on the shortest route.,3,1,"A41->LA Boundary (risk=0.522, penalty=1.565)"
London,A407,A4089,False,4.6,6.165217391304348,1.5652173913043481,1,25.0,0.13043478260869565,0.5217391304347826,4.8652173913043475,4.8652173913043475,0.0,0,0.0,0.0,0.0,0.26521739130434785,-1.3000000000000007,1,Avoid-route changed to bypass higher-risk edges on the shortest route.,3,1,"A41->LA Boundary (risk=0.522, penalty=1.565)"
London,A407,A409,False,7.968863636363636,10.61550395256917,2.6466403162055343,2,33.33333333333333,0.17391304347826086,0.5217391304347826,8.234081027667983,9.31550395256917,1.081422924901186,1,16.666666666666664,0.08695652173913043,0.5217391304347826,0.26521739130434696,-1.3000000000000007,1,Avoid-route changed to bypass higher-risk edges on the shortest route.,3,1,"A41->LA Boundary (risk=0.522, penalty=1.565)"
London,A407,A409/A4006 roundabout,False,8.32,9.885217391304348,1.5652173913043481,1,16.666666666666664,0.08695652173913043,0.5217391304347826,8.585217391304347,8.585217391304347,0.0,0,0.0,0.0,0.0,0.26521739130434696,-1.3000000000000007,1,Avoid-route changed to bypass higher-risk edges on the shortest route.,3,1,"A41->LA Boundary (risk=0.522, penalty=1.565)"
London,A407,A4090,False,5.8,7.365217391304348,1.5652173913043481,1,20.0,0.10434782608695652,0.5217391304347826,6.065217391304348,6.065217391304348,0.0,0,0.0,0.0,0.0,0.26521739130434785,-1.3000000000000007,1,Avoid-route changed to bypass higher-risk edges on the shortest route.,3,1,"A41->LA Boundary (risk=0.522, penalty=1.565)"
London,A407,A41,True,2.5,2.5,0.0,0,0.0,0.0,0.0,2.5,2.5,0.0,0,0.0,0.0,0.0,0.0,0.0,0,No change (same path),0,0,
London,A407,A41 Park Rd,False,6.04,7.605217391304349,1.5652173913043481,1,14.285714285714285,0.07453416149068323,0.5217391304347826,6.305217391304348,6.305217391304348,0.0,0,0.0,0.0,0.0,0.26521739130434785,-1.3000000000000007,1,Avoid-route changed to bypass higher-risk edges on the shortest route.,3,1,"A41->LA Boundary (risk=0.522, penalty=1.565)"
London,A407,A41/A5109,True,4.7,4.7,0.0,0,0.0,0.0,0.0,4.7,4.7,0.0,0,0.0,0.0,0.0,0.0,0.0,0,No change (same path),0,0,
London,A407,A410,False,7.343956043956044,9.152651696129958,1.8086956521739133,2,33.33333333333333,0.1884057971014493,0.6086956521739131,7.6091734352603915,7.852651696129957,0.24347826086956526,1,16.666666666666664,0.10144927536231885,0.6086956521739131,0.26521739130434785,-1.3000000000000007,1,Avoid-route changed to bypass higher-risk edges on the shortest route.,3,1,"A41->LA Boundary (risk=0.522, penalty=1.565)"
London,A407,A411,False,9.0,10.565217391304348,1.5652173913043481,1,14.285714285714285,0.07453416149068323,0.5217391304347826,9.265217391304347,9.265217391304347,0.0,0,0.0,0.0,0.0,0.26521739130434696,-1.3000000000000007,1,Avoid-route changed to bypass higher-risk edges on the shortest route.,3,1,"A41->LA Boundary (risk=0.522, penalty=1.565)"
London,A407,A4125,False,6.616666666666667,8.181884057971015,1.5652173913043481,1,20.0,0.10434782608695652,0.5217391304347826,6.881884057971014,6.881884057971014,0.0,0,0.0,0.0,0.0,0.26521739130434696,-1.3000000000000007,1,Avoid-route changed to bypass higher-risk edges on the shortest route.,3,1,"A41->LA Boundary (risk=0.522, penalty=1.565)"
London,A407,A4127,False,6.236363636363636,8.88300395256917,2.6466403162055343,2,40.0,0.20869565217391303,0.5217391304347826,6.8652173913043475,6.8652173913043475,0.0,0,0.0,0.0,0.0,0.6288537549407112,-2.017786561264823,2,Avoid-route changed to bypass higher-risk edges on the shortest route.,5,2,"A41->LA Boundary (risk=0.522, penalty=1.565); LA Boundary->A404 (risk=0.522, penalty=1.081)"
London,A407,A4140,False,9.843956043956045,11.652651696129958,1.8086956521739133,2,28.57142857142857,0.1614906832298137,0.6086956521739131,10.109173435260391,10.352651696129957,0.24347826086956526,1,14.285714285714285,0.08695652173913045,0.6086956521739131,0.26521739130434696,-1.3000000000000007,1,Avoid-route changed to bypass higher-risk edges on the shortest route.,3,1,"A41->LA Boundary (risk=0.522, penalty=1.565)"
London,A407,A4180,False,4.7,6.265217391304348,1.5652173913043481,1,25.0,0.13043478260869565,0.5217391304347826,4.965217391304348,4.965217391304348,0.0,0,0.0,0.0,0.0,0.26521739130434785,-1.2999999999999998,1,Avoid-route changed to bypass higher-risk edges on the shortest route.,3,1,"A41->LA Boundary (risk=0.522, penalty=1.565)"
London,A407,A4201,False,5.74,7.305217391304348,1.5652173913043481,1,14.285714285714285,0.07453416149068323,0.5217391304347826,6.005217391304347,6.005217391304347,0.0,0,0.0,0.0,0.0,0.26521739130434696,-1.3000000000000007,1,Avoid-route changed to bypass higher-risk edges on the shortest route.,3,1,"A41->LA Boundary (risk=0.522, penalty=1.565)"
London,A407,A4204,False,5.4,6.965217391304348,1.5652173913043481,1,20.0,0.10434782608695652,0.5217391304347826,5.665217391304347,5.665217391304347,0.0,0,0.0,0.0,0.0,0.26521739130434696,-1.3000000000000007,1,Avoid-route changed to bypass higher-risk edges on the shortest route.,3,1,"A41->LA Boundary (risk=0.522, penalty=1.565)"
London,A407,A4207,False,5.1000000000000005,6.665217391304348,1.5652173913043481,1,25.0,0.13043478260869565,0.5217391304347826,5.3652173913043475,5.3652173913043475,0.0,0,0.0,0.0,0.0,0.26521739130434696,-1.3000000000000007,1,Avoid-route changed to bypass higher-risk edges on the shortest route.,3,1,"A41->LA Boundary (risk=0.522, penalty=1.565)"
London,A407,A437,False,7.922727272727273,9.487944664031621,1.5652173913043481,1,16.666666666666664,0.08695652173913043,0.5217391304347826,8.18794466403162,8.18794466403162,0.0,0,0.0,0.0,0.0,0.26521739130434785,-1.3000000000000007,1,Avoid-route changed to bypass higher-risk edges on the shortest route.,3,1,"A41->LA Boundary (risk=0.522, penalty=1.565)"
London,A407,A479,False,6.536363636363636,9.183003952569171,2.6466403162055343,2,40.0,0.20869565217391303,0.5217391304347826,6.801581027667984,7.88300395256917,1.081422924901186,1,20.0,0.10434782608695652,0.5217391304347826,0.26521739130434785,-1.3000000000000016,1,Avoid-route changed to bypass higher-risk edges on the shortest route.,3,1,"A41->LA Boundary (risk=0.522, penalty=1.565)"
London,A407,A5,True,2.1,2.1,0.0,0,0.0,0.0,0.0,2.1,2.1,0.0,0,0.0,0.0,0.0,0.0,0.0,0,No change (same path),0,0,
London,A407,A5000,True,3.9652173913043476,3.9652173913043476,0.0,0,0.0,0.0,0.0,3.9652173913043476,3.9652173913043476,0.0,0,0.0,0.0,0.0,0.0,0.0,0,No change (same path),0,0,
London,A407,A501,False,5.54,7.105217391304349,1.5652173913043481,1,16.666666666666664,0.08695652173913043,0.5217391304347826,5.805217391304348,5.805217391304348,0.0,0,0.0,0.0,0.0,0.26521739130434785,-1.3000000000000007,1,Avoid-route changed to bypass higher-risk edges on the shortest route.,3,1,"A41->LA Boundary (risk=0.522, penalty=1.565)"
London,A407,A503,False,4.2,5.765217391304348,1.5652173913043481,1,25.0,0.13043478260869565,0.5217391304347826,4.465217391304348,4.465217391304348,0.0,0,0.0,0.0,0.0,0.26521739130434785,-1.2999999999999998,1,Avoid-route changed to bypass higher-risk edges on the shortest route.,3,1,"A41->LA Boundary (risk=0.522, penalty=1.565)"
London,A407,A504,True,3.4652173913043476,3.4652173913043476,0.0,0,0.0,0.0,0.0,3.4652173913043476,3.4652173913043476,0.0,0,0.0,0.0,0.0,0.0,0.0,0,No change (same path),0,0,
London,A407,A5100,True,3.8,3.8,0.0,0,0.0,0.0,0.0,3.8,3.8,0.0,0,0.0,0.0,0.0,0.0,0.0,0,No change (same path),0,0,
London,A407,A5109,True,4.0,4.0,0.0,0,0.0,0.0,0.0,4.0,4.0,0.0,0,0.0,0.0,0.0,0.0,0.0,0,No change (same path),0,0,
London,A407,A5201,False,4.4,5.965217391304348,1.5652173913043481,1,25.0,0.13043478260869565,0.5217391304347826,4.665217391304347,4.665217391304347,0.0,0,0.0,0.0,0.0,0.26521739130434696,-1.3000000000000007,1,Avoid-route changed to bypass higher-risk edges on the shortest route.,3,1,"A41->LA Boundary (risk=0.522, penalty=1.565)"
London,A407,A5204,False,4.8,6.365217391304348,1.5652173913043481,1,20.0,0.10434782608695652,0.5217391304347826,5.065217391304348,5.065217391304348,0.0,0,0.0,0.0,0.0,0.26521739130434785,-1.3000000000000007,1,Avoid-route changed to bypass higher-risk edges on the shortest route.,3,1,"A41->LA Boundary (risk=0.522, penalty=1.565)"
London,A407,A5205,True,3.2,3.2,0.0,0,0.0,0.0,0.0,3.2,3.2,0.0,0,0.0,0.0,0.0,0.0,0.0,0,No change (same path),0,0,
London,A407,A598,True,3.0,3.0,0.0,0,0.0,0.0,0.0,3.0,3.0,0.0,0,0.0,0.0,0.0,0.0,0.0,0,No change (same path),0,0,
London,A407,A598 Regent's Park Road,True,2.456,2.456,0.0,0,0.0,0.0,0.0,2.456,2.456,0.0,0,0.0,0.0,0.0,0.0,0.0,0,No change (same path),0,0,
London,A407,Acton St,False,5.4,6.965217391304348,1.5652173913043481,1,16.666666666666664,0.08695652173913043,0.5217391304347826,5.665217391304347,5.665217391304347,0.0,0,0.0,0.0,0.0,0.26521739130434696,-1.3000000000000007,1,Avoid-route changed to bypass higher-risk edges on the shortest route.,3,1,"A41->LA Boundary (risk=0.522, penalty=1.565)"
London,A407,Ambleside Ave,False,4.3,5.865217391304348,1.5652173913043481,1,25.0,0.13043478260869565,0.5217391304347826,4.565217391304348,4.565217391304348,0.0,0,0.0,0.0,0.0,0.26521739130434785,-1.3000000000000007,1,Avoid-route changed to bypass higher-risk edges on the shortest route.,3,1,"A41->LA Boundary (risk=0.522, penalty=1.565)"
London,A407,B142,False,5.3,6.865217391304348,1.5652173913043481,1,20.0,0.10434782608695652,0.5217391304347826,5.565217391304348,5.565217391304348,0.0,0,0.0,0.0,0.0,0.26521739130434785,-1.3000000000000007,1,Avoid-route changed to bypass higher-risk edges on the shortest route.,3,1,"A41->LA Boundary (risk=0.522, penalty=1.565)"
London,A407,B232,False,8.4,9.965217391304348,1.5652173913043481,1,14.285714285714285,0.07453416149068323,0.5217391304347826,8.665217391304347,8.665217391304347,0.0,0,0.0,0.0,0.0,0.26521739130434696,-1.3000000000000007,1,Avoid-route changed to bypass higher-risk edges on the shortest route.,3,1,"A41->LA Boundary (risk=0.522, penalty=1.565)"
London,A407,B278,False,10.515384615384615,12.080602006688963,1.5652173913043481,1,20.0,0.10434782608695652,0.5217391304347826,10.780602006688962,10.780602006688962,0.0,0,0.0,0.0,0.0,0.26521739130434696,-1.3000000000000007,1,Avoid-route changed to bypass higher-risk edges on the shortest route.,3,1,"A41->LA Boundary (risk=0.522, penalty=1.565)"
London,A407,B280,False,5.7,7.265217391304348,1.5652173913043481,1,25.0,0.13043478260869565,0.5217391304347826,5.965217391304348,5.965217391304348,0.0,0,0.0,0.0,0.0,0.26521739130434785,-1.2999999999999998,1,Avoid-route changed to bypass higher-risk edges on the shortest route.,3,1,"A41->LA Boundary (risk=0.522, penalty=1.565)"
London,A407,B306,False,7.742857142857143,9.308074534161491,1.5652173913043481,1,20.0,0.10434782608695652,0.5217391304347826,8.00807453416149,8.00807453416149,0.0,0,0.0,0.0,0.0,0.26521739130434785,-1.3000000000000007,1,Avoid-route changed to bypass higher-risk edges on the shortest route.,3,1,"A41->LA Boundary (risk=0.522, penalty=1.565)"
London,A407,B363,False,6.7,8.265217391304349,1.5652173913043481,1,20.0,0.10434782608695652,0.5217391304347826,6.965217391304348,6.965217391304348,0.0,0,0.0,0.0,0.0,0.26521739130434785,-1.3000000000000007,1,Avoid-route changed to bypass higher-risk edges on the shortest route.,3,1,"A41->LA Boundary (risk=0.522, penalty=1.565)"
London,A407,B458,False,7.8,9.365217391304348,1.5652173913043481,1,20.0,0.10434782608695652,0.5217391304347826,8.065217391304348,8.065217391304348,0.0,0,0.0,0.0,0.0,0.26521739130434785,-1.3000000000000007,1,Avoid-route changed to bypass higher-risk edges on the shortest route.,3,1,"A41->LA Boundary (risk=0.522, penalty=1.565)"
London,A407,B466 Ickenham Rd,False,18.531111111111112,20.09632850241546,1.5652173913043481,1,14.285714285714285,0.07453416149068323,0.5217391304347826,18.79632850241546,18.79632850241546,0.0,0,0.0,0.0,0.0,0.26521739130434696,-1.3000000000000007,1,Avoid-route changed to bypass higher-risk edges on the shortest route.,3,1,"A41->LA Boundary (risk=0.522, penalty=1.565)"
London,A407,B540,False,6.0,7.565217391304348,1.5652173913043481,1,20.0,0.10434782608695652,0.5217391304347826,6.265217391304348,6.265217391304348,0.0,0,0.0,0.0,0.0,0.26521739130434785,-1.2999999999999998,1,Avoid-route changed to bypass higher-risk edges on the shortest route.,3,1,"A41->LA Boundary (risk=0.522, penalty=1.565)"
London,A407,Bugsby's Way,False,10.9,12.465217391304348,1.5652173913043481,1,16.666666666666664,0.08695652173913043,0.5217391304347826,11.165217391304347,11.165217391304347,0.0,0,0.0,0.0,0.0,0.26521739130434696,-1.3000000000000007,1,Avoid-route changed to bypass higher-risk edges on the shortest route.,3,1,"A41->LA Boundary (risk=0.522, penalty=1.565)"
London,A407,Camberwell Rd,False,11.0,12.565217391304348,1.5652173913043481,1,12.5,0.06521739130434782,0.5217391304347826,11.265217391304347,11.265217391304347,0.0,0,0.0,0.0,0.0,0.26521739130434696,-1.3000000000000007,1,Avoid-route changed to bypass higher-risk edges on the shortest route.,3,1,"A41->LA Boundary (risk=0.522, penalty=1.565)"
London,A407,Camden Rd,False,4.4,5.965217391304348,1.5652173913043481,1,25.0,0.13043478260869565,0.5217391304347826,4.665217391304347,4.665217391304347,0.0,0,0.0,0.0,0.0,0.26521739130434696,-1.3000000000000007,1,Avoid-route changed to bypass higher-risk edges on the shortest route.,3,1,"A41->LA Boundary (risk=0.522, penalty=1.565)"
London,A407,Catford Rd,False,6.9,8.465217391304348,1.5652173913043481,1,20.0,0.10434782608695652,0.5217391304347826,7.165217391304347,7.165217391304347,0.0,0,0.0,0.0,0.0,0.26521739130434696,-1.3000000000000007,1,Avoid-route changed to bypass higher-risk edges on the shortest route.,3,1,"A41->LA Boundary (risk=0.522, penalty=1.565)"
London,A407,Durham St,False,10.4,11.965217391304348,1.5652173913043481,1,14.285714285714285,0.07453416149068323,0.5217391304347826,10.665217391304347,10.665217391304347,0.0,0,0.0,0.0,0.0,0.26521739130434696,-1.3000000000000007,1,Avoid-route changed to bypass higher-risk edges on the shortest route.,3,1,"A41->LA Boundary (risk=0.522, penalty=1.565)"
London,A407,Ecclestone St,False,4.5,6.065217391304349,1.5652173913043481,1,25.0,0.13043478260869565,0.5217391304347826,4.765217391304348,4.765217391304348,0.0,0,0.0,0.0,0.0,0.26521739130434785,-1.3000000000000007,1,Avoid-route changed to bypass higher-risk edges on the shortest route.,3,1,"A41->LA Boundary (risk=0.522, penalty=1.565)"
London,A407,Evering Rd,True,6.885,9.034565217391304,2.1495652173913045,1,20.0,0.10434782608695652,0.5217391304347826,6.885,9.034565217391304,2.1495652173913045,1,20.0,0.10434782608695652,0.5217391304347826,0.0,0.0,0,No change (same path),0,0,
London,A407,Griggs Approach roundabout,False,8.233333333333334,9.798550724637682,1.5652173913043481,1,16.666666666666664,0.08695652173913043,0.5217391304347826,8.498550724637681,8.498550724637681,0.0,0,0.0,0.0,0.0,0.26521739130434696,-1.3000000000000007,1,Avoid-route changed to bypass higher-risk edges on the shortest route.,3,1,"A41->LA Boundary (risk=0.522, penalty=1.565)"
London,A407,Harrington Sq,False,6.44,8.005217391304349,1.5652173913043481,1,14.285714285714285,0.07453416149068323,0.5217391304347826,6.705217391304347,6.705217391304347,0.0,0,0.0,0.0,0.0,0.26521739130434696,-1.3000000000000016,1,Avoid-route changed to bypass higher-risk edges on the shortest route.,3,1,"A41->LA Boundary (risk=0.522, penalty=1.565)"
London,A407,Headstone Lane,False,9.343956043956045,11.152651696129958,1.8086956521739133,2,28.57142857142857,0.1614906832298137,0.6086956521739131,9.609173435260391,9.852651696129957,0.24347826086956526,1,14.285714285714285,0.08695652173913045,0.6086956521739131,0.26521739130434696,-1.3000000000000007,1,Avoid-route changed to bypass higher-risk edges on the shortest route.,3,1,"A41->LA Boundary (risk=0.522, penalty=1.565)"
London,A407,High Holborn,False,4.6,6.165217391304348,1.5652173913043481,1,25.0,0.13043478260869565,0.5217391304347826,4.8652173913043475,4.8652173913043475,0.0,0,0.0,0.0,0.0,0.26521739130434785,-1.3000000000000007,1,Avoid-route changed to bypass higher-risk edges on the shortest route.,3,1,"A41->LA Boundary (risk=0.522, penalty=1.565)"
London,A407,High St,True,3.2,3.2,0.0,0,0.0,0.0,0.0,3.2,3.2,0.0,0,0.0,0.0,0.0,0.0,0.0,0,No change (same path),0,0,
London,A407,Holborn Circus,False,4.3,5.865217391304348,1.5652173913043481,1,25.0,0.13043478260869565,0.5217391304347826,4.565217391304348,4.565217391304348,0.0,0,0.0,0.0,0.0,0.26521739130434785,-1.3000000000000007,1,Avoid-route changed to bypass higher-risk edges on the shortest route.,3,1,"A41->LA Boundary (risk=0.522, penalty=1.565)"
London,A407,LA Boundary,False,4.0,5.565217391304349,1.5652173913043481,1,33.33333333333333,0.17391304347826086,0.5217391304347826,4.265217391304348,4.265217391304348,0.0,0,0.0,0.0,0.0,0.26521739130434785,-1.3000000000000007,1,Avoid-route changed to bypass higher-risk edges on the shortest route.,3,1,"A41->LA Boundary (risk=0.522, penalty=1.565)"
London,A407,LA boundary,True,8.101923076923077,8.101923076923077,0.0,0,0.0,0.0,0.0,8.101923076923077,8.101923076923077,0.0,0,0.0,0.0,0.0,0.0,0.0,0,No change (same path),0,0,
London,A407,La Boundary,False,9.1,10.665217391304347,1.5652173913043481,1,12.5,0.06521739130434782,0.5217391304347826,9.365217391304347,9.365217391304347,0.0,0,0.0,0.0,0.0,0.26521739130434696,-1.3000000000000007,1,Avoid-route changed to bypass higher-risk edges on the shortest route.,3,1,"A41->LA Boundary (risk=0.522, penalty=1.565)"
London,A407,Leyton Rd,True,8.301923076923076,8.301923076923076,0.0,0,0.0,0.0,0.0,8.301923076923076,8.301923076923076,0.0,0,0.0,0.0,0.0,0.0,0.0,0,No change (same path),0,0,
London,A407,London Wall,False,5.3,7.108695652173913,1.8086956521739133,2,28.57142857142857,0.1614906832298137,0.6086956521739131,5.565217391304348,5.808695652173913,0.24347826086956526,1,14.285714285714285,0.08695652173913045,0.6086956521739131,0.26521739130434785,-1.2999999999999998,1,Avoid-route changed to bypass higher-risk edges on the shortest route.,3,1,"A41->LA Boundary (risk=0.522, penalty=1.565)"
London,A407,M1 roundabout,True,2.4,2.4,0.0,0,0.0,0.0,0.0,2.4,2.4,0.0,0,0.0,0.0,0.0,0.0,0.0,0,No change (same path),0,0,
London,A407,M1 spur,True,6.199999999999999,6.199999999999999,0.0,0,0.0,0.0,0.0,6.199999999999999,6.199999999999999,0.0,0,0.0,0.0,0.0,0.0,0.0,0,No change (same path),0,0,
London,A407,M25,False,6.0600000000000005,7.625217391304348,1.5652173913043481,1,20.0,0.10434782608695652,0.5217391304347826,6.3252173913043475,6.3252173913043475,0.0,0,0.0,0.0,0.0,0.26521739130434696,-1.3000000000000007,1,Avoid-route changed to bypass higher-risk edges on the shortest route.,3,1,"A41->LA Boundary (risk=0.522, penalty=1.565)"
London,A407,M4,False,5.2,6.765217391304348,1.5652173913043481,1,20.0,0.10434782608695652,0.5217391304347826,5.465217391304348,5.465217391304348,0.0,0,0.0,0.0,0.0,0.26521739130434785,-1.2999999999999998,1,Avoid-route changed to bypass higher-risk edges on the shortest route.,3,1,"A41->LA Boundary (risk=0.522, penalty=1.565)"
London,A407,M4 J2,False,13.46,15.025217391304349,1.5652173913043481,1,14.285714285714285,0.07453416149068323,0.5217391304347826,13.725217391304348,13.725217391304348,0.0,0,0.0,0.0,0.0,0.26521739130434696,-1.3000000000000007,1,Avoid-route changed to bypass higher-risk edges on the shortest route.,3,1,"A41->LA Boundary (risk=0.522, penalty=1.565)"
London,A407,M4 J3,False,7.121052631578948,8.686270022883296,1.5652173913043481,1,20.0,0.10434782608695652,0.5217391304347826,7.386270022883295,7.386270022883295,0.0,0,0.0,0.0,0.0,0.26521739130434696,-1.3000000000000007,1,Avoid-route changed to bypass higher-risk edges on the shortest route.,3,1,"A41->LA Boundary (risk=0.522, penalty=1.565)"
London,A407,Marble Arch,False,5.0,6.565217391304349,1.5652173913043481,1,16.666666666666664,0.08695652173913043,0.5217391304347826,5.265217391304348,5.265217391304348,0.0,0,0.0,0.0,0.0,0.26521739130434785,-1.3000000000000007,1,Avoid-route changed to bypass higher-risk edges on the shortest route.,3,1,"A41->LA Boundary (risk=0.522, penalty=1.565)"
London,A407,Morval Rd roundabout,False,8.8,10.365217391304348,1.5652173913043481,1,12.5,0.06521739130434782,0.5217391304347826,9.065217391304348,9.065217391304348,0.0,0,0.0,0.0,0.0,0.26521739130434696,-1.3000000000000007,1,Avoid-route changed to bypass higher-risk edges on the shortest route.,3,1,"A41->LA Boundary (risk=0.522, penalty=1.565)"
London,A407,Morval Road roundabout,False,9.0,10.565217391304348,1.5652173913043481,1,12.5,0.06521739130434782,0.5217391304347826,9.265217391304347,9.265217391304347,0.0,0,0.0,0.0,0.0,0.26521739130434696,-1.3000000000000007,1,Avoid-route changed to bypass higher-risk edges on the shortest route.,3,1,"A41->LA Boundary (risk=0.522, penalty=1.565)"
London,A407,Northumberland Ave,False,10.3,11.865217391304348,1.5652173913043481,1,14.285714285714285,0.07453416149068323,0.5217391304347826,10.565217391304348,10.565217391304348,0.0,0,0.0,0.0,0.0,0.26521739130434696,-1.3000000000000007,1,Avoid-route changed to bypass higher-risk edges on the shortest route.,3,1,"A41->LA Boundary (risk=0.522, penalty=1.565)"
London,A407,Notting Hill Gate roundabout,False,7.04,8.605217391304349,1.5652173913043481,1,16.666666666666664,0.08695652173913043,0.5217391304347826,7.305217391304348,7.305217391304348,0.0,0,0.0,0.0,0.0,0.26521739130434785,-1.3000000000000007,1,Avoid-route changed to bypass higher-risk edges on the shortest route.,3,1,"A41->LA Boundary (risk=0.522, penalty=1.565)"
London,A407,Old Oak Common Lane,False,5.7,7.265217391304348,1.5652173913043481,1,16.666666666666664,0.08695652173913043,0.5217391304347826,5.965217391304348,5.965217391304348,0.0,0,0.0,0.0,0.0,0.26521739130434785,-1.2999999999999998,1,Avoid-route changed to bypass higher-risk edges on the shortest route.,3,1,"A41->LA Boundary (risk=0.522, penalty=1.565)"
London,A407,Prince Albert Road,False,7.04,8.605217391304349,1.5652173913043481,1,14.285714285714285,0.07453416149068323,0.5217391304347826,7.305217391304348,7.305217391304348,0.0,0,0.0,0.0,0.0,0.26521739130434785,-1.3000000000000007,1,Avoid-route changed to bypass higher-risk edges on the shortest route.,3,1,"A41->LA Boundary (risk=0.522, penalty=1.565)"
London,A407,Roman Way,False,6.6,8.165217391304347,1.5652173913043481,1,20.0,0.10434782608695652,0.5217391304347826,6.8652173913043475,6.8652173913043475,0.0,0,0.0,0.0,0.0,0.26521739130434785,-1.2999999999999998,1,Avoid-route changed to bypass higher-risk edges on the shortest route.,3,1,"A41->LA Boundary (risk=0.522, penalty=1.565)"
London,A407,Rye Lane,False,9.5,11.065217391304348,1.5652173913043481,1,14.285714285714285,0.07453416149068323,0.5217391304347826,9.765217391304347,9.765217391304347,0.0,0,0.0,0.0,0.0,0.26521739130434696,-1.3000000000000007,1,Avoid-route changed to bypass higher-risk edges on the shortest route.,3,1,"A41->LA Boundary (risk=0.522, penalty=1.565)"
London,A407,Southend Road (North Cicular Road),False,5.4,6.965217391304348,1.5652173913043481,1,25.0,0.13043478260869565,0.5217391304347826,5.665217391304347,5.665217391304347,0.0,0,0.0,0.0,0.0,0.26521739130434696,-1.3000000000000007,1,Avoid-route changed to bypass higher-risk edges on the shortest route.,3,1,"A41->LA Boundary (risk=0.522, penalty=1.565)"
London,A407,St Bride St,False,4.5,6.065217391304349,1.5652173913043481,1,20.0,0.10434782608695652,0.5217391304347826,4.765217391304348,4.765217391304348,0.0,0,0.0,0.0,0.0,0.26521739130434785,-1.3000000000000007,1,Avoid-route changed to bypass higher-risk edges on the shortest route.,3,1,"A41->LA Boundary (risk=0.522, penalty=1.565)"
London,A407,St Matthews Rd,False,9.49,11.055217391304348,1.5652173913043481,1,11.11111111111111,0.057971014492753624,0.5217391304347826,9.755217391304347,9.755217391304347,0.0,0,0.0,0.0,0.0,0.26521739130434696,-1.3000000000000007,1,Avoid-route changed to bypass higher-risk edges on the shortest route.,3,1,"A41->LA Boundary (risk=0.522, penalty=1.565)"
London,A407,St Pancras Way,False,4.5,6.065217391304349,1.5652173913043481,1,20.0,0.10434782608695652,0.5217391304347826,4.765217391304348,4.765217391304348,0.0,0,0.0,0.0,0.0,0.26521739130434785,-1.3000000000000007,1,Avoid-route changed to bypass higher-risk edges on the shortest route.,3,1,"A41->LA Boundary (risk=0.522, penalty=1.565)"
London,A407,Station Rd,False,8.114285714285714,9.679503105590063,1.5652173913043481,1,20.0,0.10434782608695652,0.5217391304347826,8.379503105590063,8.379503105590063,0.0,0,0.0,0.0,0.0,0.26521739130434874,-1.3000000000000007,1,Avoid-route changed to bypass higher-risk edges on the shortest route.,3,1,"A41->LA Boundary (risk=0.522, penalty=1.565)"
London,A407,Uxbridge Rd,False,5.4,6.965217391304348,1.5652173913043481,1,20.0,0.10434782608695652,0.5217391304347826,5.665217391304347,5.665217391304347,0.0,0,0.0,0.0,0.0,0.26521739130434696,-1.3000000000000007,1,Avoid-route changed to bypass higher-risk edges on the shortest route.,3,1,"A41->LA Boundary (risk=0.522, penalty=1.565)"
London,A407,West Green Rd,False,5.7250000000000005,7.290217391304348,1.5652173913043481,1,25.0,0.13043478260869565,0.5217391304347826,5.9902173913043475,5.9902173913043475,0.0,0,0.0,0.0,0.0,0.26521739130434696,-1.3000000000000007,1,Avoid-route changed to bypass higher-risk edges on the shortest route.,3,1,"A41->LA Boundary (risk=0.522, penalty=1.565)"
London,A407,Westbourne St/Lancaster Terrace,False,5.3,6.865217391304348,1.5652173913043481,1,25.0,0.13043478260869565,0.5217391304347826,5.565217391304348,5.565217391304348,0.0,0,0.0,0.0,0.0,0.26521739130434785,-1.3000000000000007,1,Avoid-route changed to bypass higher-risk edges on the shortest route.,3,1,"A41->LA Boundary (risk=0.522, penalty=1.565)"
London,A407,Wood Lane / Shepherd's Bush Green,False,5.5,7.065217391304349,1.5652173913043481,1,25.0,0.13043478260869565,0.5217391304347826,5.765217391304348,5.765217391304348,0.0,0,0.0,0.0,0.0,0.26521739130434785,-1.3000000000000007,1,Avoid-route changed to bypass higher-risk edges on the shortest route.,3,1,"A41->LA Boundary (risk=0.522, penalty=1.565)"
London,A407,slip roads to A219,False,5.4,6.965217391304348,1.5652173913043481,1,25.0,0.13043478260869565,0.5217391304347826,5.665217391304347,5.665217391304347,0.0,0,0.0,0.0,0.0,0.26521739130434696,-1.3000000000000007,1,Avoid-route changed to bypass higher-risk edges on the shortest route.,3,1,"A41->LA Boundary (risk=0.522, penalty=1.565)"
